date,track,race_time,runner_number,dog_name,race_id,source,race_url
2026-08-25,Central Park,18:14,1,Westwood Gracie,513665,Sporting Life,https://www.sportinglife.com/greyhounds/racecards/2026-08-25/central-park/racecard/513665
2026-08-25,Central Park,18:14,2,Innfield Hunter,513665,Sporting Life,https://www.sportinglife.com/greyhounds/racecards/2026-08-25/central-park/racecard/513665
2026-08-25,Central Park,18:14,3,Ima Rocket Fran,513665,Sporting Life,https://www.sportinglife.com/greyhounds/racecards/2026-08-25/central-park/racecard/513665
2026-08-25,Central Park,18:14,4,Butterbridge Seb,513665,Sporting Life,https://www.sportinglife.com/greyhounds/racecards/2026-08-25/central-park/racecard/513665
2026-08-25,Central Park,18:14,5,King Pavarotti,513665,Sporting Life,https://www.sportinglife.com/greyhounds/racecards/2026-08-25/central-park/racecard/513665
2026-08-25,Central Park,18:14,6,Blazeaway Noir,513665,Sporting Life,https://www.sportinglife.com/greyhounds/racecards/2026-08-25/central-park/racecard/513665
2026-08-25,Central Park,18:31,1,Tia Lilly Dancer,513666,Sporting Life,https://www.sportinglife.com/greyhounds/racecards/2026-08-25/central-park/racecard/513666
2026-08-25,Central Park,18:31,2,Super Trick,513666,Sporting Life,https://www.sportinglife.com/greyhounds/racecards/2026-08-25/central-park/racecard/513666
2026-08-25,Central Park,18:31,3,Stophers Witch,513666,Sporting Life,https://www.sportinglife.com/greyhounds/racecards/2026-08-25/central-park/racecard/513666
2026-08-25,Central Park,18:31,4,Rudy Milly,513666,Sporting Life,https://www.sportinglife.com/greyhounds/racecards/2026-08-25/central-park/racecard/513666
2026-08-25,Central Park,18:31,5,Savana Mai,513666,Sporting Life,https://www.sportinglife.com/greyhounds/racecards/2026-08-25/central-park/racecard/513666
2026-08-25,Central Park,18:31,6,Barnora Noel,513666,Sporting Life,https://www.sportinglife.com/greyhounds/racecards/2026-08-25/central-park/racecard/513666
2026-08-25,Central Park,18:48,1,Lets Go Lucie,513667,Sporting Life,https://www.sportinglife.com/greyhounds/racecards/2026-08-25/central-park/racecard/513667
2026-08-25,Central Park,18:48,2,Droopys Topnotch,513667,Sporting Life,https://www.sportinglife.com/greyhounds/racecards/2026-08-25/central-park/racecard/513667
2026-08-25,Central Park,18:48,3,Snowdon Mel,513667,Sporting Life,https://www.sportinglife.com/greyhounds/racecards/2026-08-25/central-park/racecard/513667
2026-08-25,Central Park,18:48,4,Watcha Gotcookin,513667,Sporting Life,https://www.sportinglife.com/greyhounds/racecards/2026-08-25/central-park/racecard/513667
2026-08-25,Central Park,18:48,5,Swift Dallas,513667,Sporting Life,https://www.sportinglife.com/greyhounds/racecards/2026-08-25/central-park/racecard/513667
2026-08-25,Central Park,18:48,6,Distant Power,513667,Sporting Life,https://www.sportinglife.com/greyhounds/racecards/2026-08-25/central-park/racecard/513667
2026-08-25,Central Park,19:06,1,Happy Place,513668,Sporting Life,https://www.sportinglife.com/greyhounds/racecards/2026-08-25/central-park/racecard/513668
2026-08-25,Central Park,19:06,2,Seefin Daisy,513668,Sporting Life,https://www.sportinglife.com/greyhounds/racecards/2026-08-25/central-park/racecard/513668
2026-08-25,Central Park,19:06,3,Blue Drout,513668,Sporting Life,https://www.sportinglife.com/greyhounds/racecards/2026-08-25/central-park/racecard/513668
2026-08-25,Central Park,19:06,4,Laughil Dan,513668,Sporting Life,https://www.sportinglife.com/greyhounds/racecards/2026-08-25/central-park/racecard/513668
2026-08-25,Central Park,19:06,5,Baggios Diva,513668,Sporting Life,https://www.sportinglife.com/greyhounds/racecards/2026-08-25/central-park/racecard/513668
2026-08-25,Central Park,19:06,6,Ballydoyle Megan,513668,Sporting Life,https://www.sportinglife.com/greyhounds/racecards/2026-08-25/central-park/racecard/513668
2026-08-25,Central Park,19:22,1,Dapper Finn,513669,Sporting Life,https://www.sportinglife.com/greyhounds/racecards/2026-08-25/central-park/racecard/513669
2026-08-25,Central Park,19:22,2,Devonshire Lad,513669,Sporting Life,https://www.sportinglife.com/greyhounds/racecards/2026-08-25/central-park/racecard/513669
2026-08-25,Central Park,19:22,3,Havana Jetstream,513669,Sporting Life,https://www.sportinglife.com/greyhounds/racecards/2026-08-25/central-park/racecard/513669
2026-08-25,Central Park,19:22,4,Rylane Lady,513669,Sporting Life,https://www.sportinglife.com/greyhounds/racecards/2026-08-25/central-park/racecard/513669
2026-08-25,Central Park,19:22,5,Swift Bree,513669,Sporting Life,https://www.sportinglife.com/greyhounds/racecards/2026-08-25/central-park/racecard/513669
2026-08-25,Central Park,19:22,6,Bluejig Jane,513669,Sporting Life,https://www.sportinglife.com/greyhounds/racecards/2026-08-25/central-park/racecard/513669
2026-08-25,Central Park,19:39,1,Insane Bear,513670,Sporting Life,https://www.sportinglife.com/greyhounds/racecards/2026-08-25/central-park/racecard/513670
2026-08-25,Central Park,19:39,2,Ferryforth Bluey,513670,Sporting Life,https://www.sportinglife.com/greyhounds/racecards/2026-08-25/central-park/racecard/513670
2026-08-25,Central Park,19:39,3,Mohican Julie,513670,Sporting Life,https://www.sportinglife.com/greyhounds/racecards/2026-08-25/central-park/racecard/513670
2026-08-25,Central Park,19:39,4,Footfield Betsy,513670,Sporting Life,https://www.sportinglife.com/greyhounds/racecards/2026-08-25/central-park/racecard/513670
2026-08-25,Central Park,19:39,5,Cyclers Storm,513670,Sporting Life,https://www.sportinglife.com/greyhounds/racecards/2026-08-25/central-park/racecard/513670
2026-08-25,Central Park,19:39,6,Insane Ness,513670,Sporting Life,https://www.sportinglife.com/greyhounds/racecards/2026-08-25/central-park/racecard/513670
2026-08-25,Central Park,19:56,1,Insane Simone,513671,Sporting Life,https://www.sportinglife.com/greyhounds/racecards/2026-08-25/central-park/racecard/513671
2026-08-25,Central Park,19:56,2,Ballymac Pyramid,513671,Sporting Life,https://www.sportinglife.com/greyhounds/racecards/2026-08-25/central-park/racecard/513671
2026-08-25,Central Park,19:56,3,Whoopwhoop Molly,513671,Sporting Life,https://www.sportinglife.com/greyhounds/racecards/2026-08-25/central-park/racecard/513671
2026-08-25,Central Park,19:56,4,Waikiki Stone,513671,Sporting Life,https://www.sportinglife.com/greyhounds/racecards/2026-08-25/central-park/racecard/513671
2026-08-25,Central Park,19:56,5,Knockroe Lucy,513671,Sporting Life,https://www.sportinglife.com/greyhounds/racecards/2026-08-25/central-park/racecard/513671
2026-08-25,Central Park,19:56,6,Miss Puddy,513671,Sporting Life,https://www.sportinglife.com/greyhounds/racecards/2026-08-25/central-park/racecard/513671
2026-08-25,Central Park,20:13,1,Traceys Mol,513672,Sporting Life,https://www.sportinglife.com/greyhounds/racecards/2026-08-25/central-park/racecard/513672
2026-08-25,Central Park,20:13,2,Insane Ace,513672,Sporting Life,https://www.sportinglife.com/greyhounds/racecards/2026-08-25/central-park/racecard/513672
2026-08-25,Central Park,20:13,3,Five Alley Skye,513672,Sporting Life,https://www.sportinglife.com/greyhounds/racecards/2026-08-25/central-park/racecard/513672
2026-08-25,Central Park,20:13,4,Only If,513672,Sporting Life,https://www.sportinglife.com/greyhounds/racecards/2026-08-25/central-park/racecard/513672
2026-08-25,Central Park,20:13,5,Lively Gezza,513672,Sporting Life,https://www.sportinglife.com/greyhounds/racecards/2026-08-25/central-park/racecard/513672
2026-08-25,Central Park,20:13,6,Hollyhill Melody,513672,Sporting Life,https://www.sportinglife.com/greyhounds/racecards/2026-08-25/central-park/racecard/513672
2026-08-25,Central Park,20:31,1,Pulleen Misty,513673,Sporting Life,https://www.sportinglife.com/greyhounds/racecards/2026-08-25/central-park/racecard/513673
2026-08-25,Central Park,20:31,2,Franco Devon,513673,Sporting Life,https://www.sportinglife.com/greyhounds/racecards/2026-08-25/central-park/racecard/513673
2026-08-25,Central Park,20:31,3,Foxwood Dolly,513673,Sporting Life,https://www.sportinglife.com/greyhounds/racecards/2026-08-25/central-park/racecard/513673
2026-08-25,Central Park,20:31,4,Rydons Ranger,513673,Sporting Life,https://www.sportinglife.com/greyhounds/racecards/2026-08-25/central-park/racecard/513673
2026-08-25,Central Park,20:31,5,Footfield Josie,513673,Sporting Life,https://www.sportinglife.com/greyhounds/racecards/2026-08-25/central-park/racecard/513673
2026-08-25,Central Park,20:31,6,Harlequin Missy,513673,Sporting Life,https://www.sportinglife.com/greyhounds/racecards/2026-08-25/central-park/racecard/513673
2026-08-25,Central Park,20:47,1,Eddies Gift,513674,Sporting Life,https://www.sportinglife.com/greyhounds/racecards/2026-08-25/central-park/racecard/513674
2026-08-25,Central Park,20:47,2,Da Lynx Effect,513674,Sporting Life,https://www.sportinglife.com/greyhounds/racecards/2026-08-25/central-park/racecard/513674
2026-08-25,Central Park,20:47,3,My Jaspie,513674,Sporting Life,https://www.sportinglife.com/greyhounds/racecards/2026-08-25/central-park/racecard/513674
2026-08-25,Central Park,20:47,4,Frainey Towbar,513674,Sporting Life,https://www.sportinglife.com/greyhounds/racecards/2026-08-25/central-park/racecard/513674
2026-08-25,Central Park,20:47,5,Naughty Bonnie,513674,Sporting Life,https://www.sportinglife.com/greyhounds/racecards/2026-08-25/central-park/racecard/513674
2026-08-25,Central Park,20:47,6,Eire Force Two,513674,Sporting Life,https://www.sportinglife.com/greyhounds/racecards/2026-08-25/central-park/racecard/513674
2026-08-25,Central Park,21:04,1,Swift Youth,513675,Sporting Life,https://www.sportinglife.com/greyhounds/racecards/2026-08-25/central-park/racecard/513675
2026-08-25,Central Park,21:04,2,Ever So Cheerio,513675,Sporting Life,https://www.sportinglife.com/greyhounds/racecards/2026-08-25/central-park/racecard/513675
2026-08-25,Central Park,21:04,3,Lets Go Johnny,513675,Sporting Life,https://www.sportinglife.com/greyhounds/racecards/2026-08-25/central-park/racecard/513675
2026-08-25,Central Park,21:04,4,Swift United,513675,Sporting Life,https://www.sportinglife.com/greyhounds/racecards/2026-08-25/central-park/racecard/513675
2026-08-25,Central Park,21:04,5,Glenhead Tom,513675,Sporting Life,https://www.sportinglife.com/greyhounds/racecards/2026-08-25/central-park/racecard/513675
2026-08-25,Central Park,21:04,6,Zari Mahoonagh,513675,Sporting Life,https://www.sportinglife.com/greyhounds/racecards/2026-08-25/central-park/racecard/513675
2026-08-25,Central Park,21:23,1,Hilight Rose,513676,Sporting Life,https://www.sportinglife.com/greyhounds/racecards/2026-08-25/central-park/racecard/513676
2026-08-25,Central Park,21:23,2,Front Shani,513676,Sporting Life,https://www.sportinglife.com/greyhounds/racecards/2026-08-25/central-park/racecard/513676
2026-08-25,Central Park,21:23,3,Speedy Uso,513676,Sporting Life,https://www.sportinglife.com/greyhounds/racecards/2026-08-25/central-park/racecard/513676
2026-08-25,Central Park,21:23,4,Scary Moll Dolls,513676,Sporting Life,https://www.sportinglife.com/greyhounds/racecards/2026-08-25/central-park/racecard/513676
2026-08-25,Central Park,21:23,5,Rocket Rose,513676,Sporting Life,https://www.sportinglife.com/greyhounds/racecards/2026-08-25/central-park/racecard/513676
2026-08-25,Central Park,21:23,6,Intrinsic,513676,Sporting Life,https://www.sportinglife.com/greyhounds/racecards/2026-08-25/central-park/racecard/513676
2026-08-25,Monmore,14:31,1,Longacres Cash,513581,Sporting Life,https://www.sportinglife.com/greyhounds/racecards/2026-08-25/monmore/racecard/513581
2026-08-25,Monmore,14:31,2,Transfer Aaliyah,513581,Sporting Life,https://www.sportinglife.com/greyhounds/racecards/2026-08-25/monmore/racecard/513581
2026-08-25,Monmore,14:31,3,Bangon Mrs Clock,513581,Sporting Life,https://www.sportinglife.com/greyhounds/racecards/2026-08-25/monmore/racecard/513581
2026-08-25,Monmore,14:31,4,Tromora Five,513581,Sporting Life,https://www.sportinglife.com/greyhounds/racecards/2026-08-25/monmore/racecard/513581
2026-08-25,Monmore,14:31,5,Suave Echo,513581,Sporting Life,https://www.sportinglife.com/greyhounds/racecards/2026-08-25/monmore/racecard/513581
2026-08-25,Monmore,14:31,6,Bits And Bobs,513581,Sporting Life,https://www.sportinglife.com/greyhounds/racecards/2026-08-25/monmore/racecard/513581
2026-08-25,Monmore,14:49,1,Aero Sizzler,513582,Sporting Life,https://www.sportinglife.com/greyhounds/racecards/2026-08-25/monmore/racecard/513582
2026-08-25,Monmore,14:49,2,Sporting Legion,513582,Sporting Life,https://www.sportinglife.com/greyhounds/racecards/2026-08-25/monmore/racecard/513582
2026-08-25,Monmore,14:49,3,Longacres Brett,513582,Sporting Life,https://www.sportinglife.com/greyhounds/racecards/2026-08-25/monmore/racecard/513582
2026-08-25,Monmore,14:49,4,Tromora Lizzie,513582,Sporting Life,https://www.sportinglife.com/greyhounds/racecards/2026-08-25/monmore/racecard/513582
2026-08-25,Monmore,14:49,6,Longacres Fee,513582,Sporting Life,https://www.sportinglife.com/greyhounds/racecards/2026-08-25/monmore/racecard/513582
2026-08-25,Monmore,15:09,1,Final Jewel,513583,Sporting Life,https://www.sportinglife.com/greyhounds/racecards/2026-08-25/monmore/racecard/513583
2026-08-25,Monmore,15:09,2,Mystical Cash,513583,Sporting Life,https://www.sportinglife.com/greyhounds/racecards/2026-08-25/monmore/racecard/513583
2026-08-25,Monmore,15:09,3,Flying Calvn,513583,Sporting Life,https://www.sportinglife.com/greyhounds/racecards/2026-08-25/monmore/racecard/513583
2026-08-25,Monmore,15:09,4,Yankee Tipp,513583,Sporting Life,https://www.sportinglife.com/greyhounds/racecards/2026-08-25/monmore/racecard/513583
2026-08-25,Monmore,15:09,5,Swift Jolly,513583,Sporting Life,https://www.sportinglife.com/greyhounds/racecards/2026-08-25/monmore/racecard/513583
2026-08-25,Monmore,15:09,6,Tullymurry Skies,513583,Sporting Life,https://www.sportinglife.com/greyhounds/racecards/2026-08-25/monmore/racecard/513583
2026-08-25,Monmore,15:27,1,Jayavakno,513584,Sporting Life,https://www.sportinglife.com/greyhounds/racecards/2026-08-25/monmore/racecard/513584
2026-08-25,Monmore,15:27,2,Dhustone Spud,513584,Sporting Life,https://www.sportinglife.com/greyhounds/racecards/2026-08-25/monmore/racecard/513584
2026-08-25,Monmore,15:27,4,Doc Susie,513584,Sporting Life,https://www.sportinglife.com/greyhounds/racecards/2026-08-25/monmore/racecard/513584
2026-08-25,Monmore,15:27,5,Longacres Boycie,513584,Sporting Life,https://www.sportinglife.com/greyhounds/racecards/2026-08-25/monmore/racecard/513584
2026-08-25,Monmore,15:27,6,Wanfourtoeknee,513584,Sporting Life,https://www.sportinglife.com/greyhounds/racecards/2026-08-25/monmore/racecard/513584
2026-08-25,Monmore,15:47,1,Joes Luck,513585,Sporting Life,https://www.sportinglife.com/greyhounds/racecards/2026-08-25/monmore/racecard/513585
2026-08-25,Monmore,15:47,2,Whisky On Fire,513585,Sporting Life,https://www.sportinglife.com/greyhounds/racecards/2026-08-25/monmore/racecard/513585
2026-08-25,Monmore,15:47,4,Whisky Elsa,513585,Sporting Life,https://www.sportinglife.com/greyhounds/racecards/2026-08-25/monmore/racecard/513585
2026-08-25,Monmore,15:47,5,Catchem Flawless,513585,Sporting Life,https://www.sportinglife.com/greyhounds/racecards/2026-08-25/monmore/racecard/513585
2026-08-25,Monmore,15:47,6,Longacres Ariel,513585,Sporting Life,https://www.sportinglife.com/greyhounds/racecards/2026-08-25/monmore/racecard/513585
2026-08-25,Monmore,16:04,1,Swift Jess,513586,Sporting Life,https://www.sportinglife.com/greyhounds/racecards/2026-08-25/monmore/racecard/513586
2026-08-25,Monmore,16:04,2,Aero Mistake,513586,Sporting Life,https://www.sportinglife.com/greyhounds/racecards/2026-08-25/monmore/racecard/513586
2026-08-25,Monmore,16:04,3,Blue Woody,513586,Sporting Life,https://www.sportinglife.com/greyhounds/racecards/2026-08-25/monmore/racecard/513586
2026-08-25,Monmore,16:04,4,Longacres Bocko,513586,Sporting Life,https://www.sportinglife.com/greyhounds/racecards/2026-08-25/monmore/racecard/513586
2026-08-25,Monmore,16:04,6,Longacres Creed,513586,Sporting Life,https://www.sportinglife.com/greyhounds/racecards/2026-08-25/monmore/racecard/513586
2026-08-25,Monmore,16:24,1,Denton Girl,513587,Sporting Life,https://www.sportinglife.com/greyhounds/racecards/2026-08-25/monmore/racecard/513587
2026-08-25,Monmore,16:24,2,Swift Cami,513587,Sporting Life,https://www.sportinglife.com/greyhounds/racecards/2026-08-25/monmore/racecard/513587
2026-08-25,Monmore,16:24,3,Inca Darling,513587,Sporting Life,https://www.sportinglife.com/greyhounds/racecards/2026-08-25/monmore/racecard/513587
2026-08-25,Monmore,16:24,4,Green Road,513587,Sporting Life,https://www.sportinglife.com/greyhounds/racecards/2026-08-25/monmore/racecard/513587
2026-08-25,Monmore,16:24,5,Aurora Sky,513587,Sporting Life,https://www.sportinglife.com/greyhounds/racecards/2026-08-25/monmore/racecard/513587
2026-08-25,Monmore,16:24,6,Swift Depend,513587,Sporting Life,https://www.sportinglife.com/greyhounds/racecards/2026-08-25/monmore/racecard/513587
2026-08-25,Monmore,16:42,1,Patoka,513588,Sporting Life,https://www.sportinglife.com/greyhounds/racecards/2026-08-25/monmore/racecard/513588
2026-08-25,Monmore,16:42,2,Anglesey Rebel,513588,Sporting Life,https://www.sportinglife.com/greyhounds/racecards/2026-08-25/monmore/racecard/513588
2026-08-25,Monmore,16:42,3,Get In Line,513588,Sporting Life,https://www.sportinglife.com/greyhounds/racecards/2026-08-25/monmore/racecard/513588
2026-08-25,Monmore,16:42,4,Good Bobcat,513588,Sporting Life,https://www.sportinglife.com/greyhounds/racecards/2026-08-25/monmore/racecard/513588
2026-08-25,Monmore,16:42,5,Newinn Giggles,513588,Sporting Life,https://www.sportinglife.com/greyhounds/racecards/2026-08-25/monmore/racecard/513588
2026-08-25,Monmore,16:42,6,Whisky Hunter,513588,Sporting Life,https://www.sportinglife.com/greyhounds/racecards/2026-08-25/monmore/racecard/513588
2026-08-25,Monmore,17:01,1,Hackney Pub,513589,Sporting Life,https://www.sportinglife.com/greyhounds/racecards/2026-08-25/monmore/racecard/513589
2026-08-25,Monmore,17:01,2,Slippy Conor,513589,Sporting Life,https://www.sportinglife.com/greyhounds/racecards/2026-08-25/monmore/racecard/513589
2026-08-25,Monmore,17:01,3,Anglesey Prince,513589,Sporting Life,https://www.sportinglife.com/greyhounds/racecards/2026-08-25/monmore/racecard/513589
2026-08-25,Monmore,17:01,4,Aero Benny,513589,Sporting Life,https://www.sportinglife.com/greyhounds/racecards/2026-08-25/monmore/racecard/513589
2026-08-25,Monmore,17:01,5,Whyaye Dubai,513589,Sporting Life,https://www.sportinglife.com/greyhounds/racecards/2026-08-25/monmore/racecard/513589
2026-08-25,Monmore,17:19,1,Swift Aoife,513590,Sporting Life,https://www.sportinglife.com/greyhounds/racecards/2026-08-25/monmore/racecard/513590
2026-08-25,Monmore,17:19,2,Return Fire,513590,Sporting Life,https://www.sportinglife.com/greyhounds/racecards/2026-08-25/monmore/racecard/513590
2026-08-25,Monmore,17:19,3,Millview Mags,513590,Sporting Life,https://www.sportinglife.com/greyhounds/racecards/2026-08-25/monmore/racecard/513590
2026-08-25,Monmore,17:19,4,Magical Be Lucky,513590,Sporting Life,https://www.sportinglife.com/greyhounds/racecards/2026-08-25/monmore/racecard/513590
2026-08-25,Monmore,17:19,5,Oblivion,513590,Sporting Life,https://www.sportinglife.com/greyhounds/racecards/2026-08-25/monmore/racecard/513590
2026-08-25,Monmore,17:19,6,Tullymurry Ned,513590,Sporting Life,https://www.sportinglife.com/greyhounds/racecards/2026-08-25/monmore/racecard/513590
2026-08-25,Monmore,17:37,1,Without Wings,513591,Sporting Life,https://www.sportinglife.com/greyhounds/racecards/2026-08-25/monmore/racecard/513591
2026-08-25,Monmore,17:37,2,Aero Sally,513591,Sporting Life,https://www.sportinglife.com/greyhounds/racecards/2026-08-25/monmore/racecard/513591
2026-08-25,Monmore,17:37,3,Hello Katie,513591,Sporting Life,https://www.sportinglife.com/greyhounds/racecards/2026-08-25/monmore/racecard/513591
2026-08-25,Monmore,17:37,4,Citadel Bob,513591,Sporting Life,https://www.sportinglife.com/greyhounds/racecards/2026-08-25/monmore/racecard/513591
2026-08-25,Monmore,17:37,5,Ballybough Mikey,513591,Sporting Life,https://www.sportinglife.com/greyhounds/racecards/2026-08-25/monmore/racecard/513591
2026-08-25,Monmore,17:37,6,Ballymac Bardo,513591,Sporting Life,https://www.sportinglife.com/greyhounds/racecards/2026-08-25/monmore/racecard/513591
2026-08-25,Monmore,17:57,1,Pappys Jiver,513592,Sporting Life,https://www.sportinglife.com/greyhounds/racecards/2026-08-25/monmore/racecard/513592
2026-08-25,Monmore,17:57,2,Swift Jenkins,513592,Sporting Life,https://www.sportinglife.com/greyhounds/racecards/2026-08-25/monmore/racecard/513592
2026-08-25,Monmore,17:57,3,Longacres Diddy,513592,Sporting Life,https://www.sportinglife.com/greyhounds/racecards/2026-08-25/monmore/racecard/513592
2026-08-25,Monmore,17:57,4,Hollywell Mave,513592,Sporting Life,https://www.sportinglife.com/greyhounds/racecards/2026-08-25/monmore/racecard/513592
2026-08-25,Monmore,17:57,5,Skylars Vision,513592,Sporting Life,https://www.sportinglife.com/greyhounds/racecards/2026-08-25/monmore/racecard/513592
2026-08-25,Newcastle,11:09,1,Swish Swish Bish,513617,Sporting Life,https://www.sportinglife.com/greyhounds/racecards/2026-08-25/newcastle/racecard/513617
2026-08-25,Newcastle,11:09,2,Blackhousehariet,513617,Sporting Life,https://www.sportinglife.com/greyhounds/racecards/2026-08-25/newcastle/racecard/513617
2026-08-25,Newcastle,11:09,3,Toddys Ace,513617,Sporting Life,https://www.sportinglife.com/greyhounds/racecards/2026-08-25/newcastle/racecard/513617
2026-08-25,Newcastle,11:09,4,Fabulous Shona,513617,Sporting Life,https://www.sportinglife.com/greyhounds/racecards/2026-08-25/newcastle/racecard/513617
2026-08-25,Newcastle,11:09,6,Romeo Mig,513617,Sporting Life,https://www.sportinglife.com/greyhounds/racecards/2026-08-25/newcastle/racecard/513617
2026-08-25,Newcastle,11:27,2,Alnwick Teeny,513618,Sporting Life,https://www.sportinglife.com/greyhounds/racecards/2026-08-25/newcastle/racecard/513618
2026-08-25,Newcastle,11:27,3,Whitehills Wendy,513618,Sporting Life,https://www.sportinglife.com/greyhounds/racecards/2026-08-25/newcastle/racecard/513618
2026-08-25,Newcastle,11:27,4,Alnwick Nuke,513618,Sporting Life,https://www.sportinglife.com/greyhounds/racecards/2026-08-25/newcastle/racecard/513618
2026-08-25,Newcastle,11:27,5,Canny Orla,513618,Sporting Life,https://www.sportinglife.com/greyhounds/racecards/2026-08-25/newcastle/racecard/513618
2026-08-25,Newcastle,11:27,6,Swift Hairy,513618,Sporting Life,https://www.sportinglife.com/greyhounds/racecards/2026-08-25/newcastle/racecard/513618
2026-08-25,Newcastle,11:43,1,Woo Hoos Hugo,513619,Sporting Life,https://www.sportinglife.com/greyhounds/racecards/2026-08-25/newcastle/racecard/513619
2026-08-25,Newcastle,11:43,2,Aero Donishall,513619,Sporting Life,https://www.sportinglife.com/greyhounds/racecards/2026-08-25/newcastle/racecard/513619
2026-08-25,Newcastle,11:43,3,Whitehills Birdy,513619,Sporting Life,https://www.sportinglife.com/greyhounds/racecards/2026-08-25/newcastle/racecard/513619
2026-08-25,Newcastle,11:43,4,Kerabellec Ella,513619,Sporting Life,https://www.sportinglife.com/greyhounds/racecards/2026-08-25/newcastle/racecard/513619
2026-08-25,Newcastle,11:43,5,Moyvane Taylor,513619,Sporting Life,https://www.sportinglife.com/greyhounds/racecards/2026-08-25/newcastle/racecard/513619
2026-08-25,Newcastle,11:43,6,Blackhouse Peggy,513619,Sporting Life,https://www.sportinglife.com/greyhounds/racecards/2026-08-25/newcastle/racecard/513619
2026-08-25,Newcastle,12:01,1,Quivers Haka,513620,Sporting Life,https://www.sportinglife.com/greyhounds/racecards/2026-08-25/newcastle/racecard/513620
2026-08-25,Newcastle,12:01,2,Joannes Hope,513620,Sporting Life,https://www.sportinglife.com/greyhounds/racecards/2026-08-25/newcastle/racecard/513620
2026-08-25,Newcastle,12:01,3,A Bit Ofa Bump,513620,Sporting Life,https://www.sportinglife.com/greyhounds/racecards/2026-08-25/newcastle/racecard/513620
2026-08-25,Newcastle,12:01,4,Megans Angel,513620,Sporting Life,https://www.sportinglife.com/greyhounds/racecards/2026-08-25/newcastle/racecard/513620
2026-08-25,Newcastle,12:01,5,Rios Diva,513620,Sporting Life,https://www.sportinglife.com/greyhounds/racecards/2026-08-25/newcastle/racecard/513620
2026-08-25,Newcastle,12:01,6,Inca Tailor,513620,Sporting Life,https://www.sportinglife.com/greyhounds/racecards/2026-08-25/newcastle/racecard/513620
2026-08-25,Newcastle,12:18,1,Fine By Me,513621,Sporting Life,https://www.sportinglife.com/greyhounds/racecards/2026-08-25/newcastle/racecard/513621
2026-08-25,Newcastle,12:18,2,Jacktavern Jax,513621,Sporting Life,https://www.sportinglife.com/greyhounds/racecards/2026-08-25/newcastle/racecard/513621
2026-08-25,Newcastle,12:18,3,Alnwick Megan,513621,Sporting Life,https://www.sportinglife.com/greyhounds/racecards/2026-08-25/newcastle/racecard/513621
2026-08-25,Newcastle,12:18,4,Swift King,513621,Sporting Life,https://www.sportinglife.com/greyhounds/racecards/2026-08-25/newcastle/racecard/513621
2026-08-25,Newcastle,12:18,5,Trinity Coco,513621,Sporting Life,https://www.sportinglife.com/greyhounds/racecards/2026-08-25/newcastle/racecard/513621
2026-08-25,Newcastle,12:18,6,Clerical Error,513621,Sporting Life,https://www.sportinglife.com/greyhounds/racecards/2026-08-25/newcastle/racecard/513621
2026-08-25,Newcastle,12:34,1,Wraysbury Orchid,513622,Sporting Life,https://www.sportinglife.com/greyhounds/racecards/2026-08-25/newcastle/racecard/513622
2026-08-25,Newcastle,12:34,2,Thetimetoshine,513622,Sporting Life,https://www.sportinglife.com/greyhounds/racecards/2026-08-25/newcastle/racecard/513622
2026-08-25,Newcastle,12:34,3,Days Lashing,513622,Sporting Life,https://www.sportinglife.com/greyhounds/racecards/2026-08-25/newcastle/racecard/513622
2026-08-25,Newcastle,12:34,4,Five Alley Macy,513622,Sporting Life,https://www.sportinglife.com/greyhounds/racecards/2026-08-25/newcastle/racecard/513622
2026-08-25,Newcastle,12:34,5,Swift Enjoy,513622,Sporting Life,https://www.sportinglife.com/greyhounds/racecards/2026-08-25/newcastle/racecard/513622
2026-08-25,Newcastle,12:34,6,A Bit Of Paige,513622,Sporting Life,https://www.sportinglife.com/greyhounds/racecards/2026-08-25/newcastle/racecard/513622
2026-08-25,Newcastle,12:51,1,Euros Will Do,513623,Sporting Life,https://www.sportinglife.com/greyhounds/racecards/2026-08-25/newcastle/racecard/513623
2026-08-25,Newcastle,12:51,2,Swift Frills,513623,Sporting Life,https://www.sportinglife.com/greyhounds/racecards/2026-08-25/newcastle/racecard/513623
2026-08-25,Newcastle,12:51,3,Links Frankel,513623,Sporting Life,https://www.sportinglife.com/greyhounds/racecards/2026-08-25/newcastle/racecard/513623
2026-08-25,Newcastle,12:51,4,Geordie Gordon,513623,Sporting Life,https://www.sportinglife.com/greyhounds/racecards/2026-08-25/newcastle/racecard/513623
2026-08-25,Newcastle,12:51,6,Fire Height Cora,513623,Sporting Life,https://www.sportinglife.com/greyhounds/racecards/2026-08-25/newcastle/racecard/513623
2026-08-25,Newcastle,13:08,1,Malt Sally,513624,Sporting Life,https://www.sportinglife.com/greyhounds/racecards/2026-08-25/newcastle/racecard/513624
2026-08-25,Newcastle,13:08,3,Blackhouse Cat,513624,Sporting Life,https://www.sportinglife.com/greyhounds/racecards/2026-08-25/newcastle/racecard/513624
2026-08-25,Newcastle,13:08,4,Bushfire Jack,513624,Sporting Life,https://www.sportinglife.com/greyhounds/racecards/2026-08-25/newcastle/racecard/513624
2026-08-25,Newcastle,13:08,5,Drombeg Nova,513624,Sporting Life,https://www.sportinglife.com/greyhounds/racecards/2026-08-25/newcastle/racecard/513624
2026-08-25,Newcastle,13:08,6,Mount Ruby Ace,513624,Sporting Life,https://www.sportinglife.com/greyhounds/racecards/2026-08-25/newcastle/racecard/513624
2026-08-25,Newcastle,13:26,2,Alnwick News,513625,Sporting Life,https://www.sportinglife.com/greyhounds/racecards/2026-08-25/newcastle/racecard/513625
2026-08-25,Newcastle,13:26,3,Blackhouseharper,513625,Sporting Life,https://www.sportinglife.com/greyhounds/racecards/2026-08-25/newcastle/racecard/513625
2026-08-25,Newcastle,13:26,4,Wraysbury Silver,513625,Sporting Life,https://www.sportinglife.com/greyhounds/racecards/2026-08-25/newcastle/racecard/513625
2026-08-25,Newcastle,13:26,5,Drombeg Olive,513625,Sporting Life,https://www.sportinglife.com/greyhounds/racecards/2026-08-25/newcastle/racecard/513625
2026-08-25,Newcastle,13:26,6,Tina On Fire,513625,Sporting Life,https://www.sportinglife.com/greyhounds/racecards/2026-08-25/newcastle/racecard/513625
2026-08-25,Newcastle,13:42,1,Howtimeflys,513626,Sporting Life,https://www.sportinglife.com/greyhounds/racecards/2026-08-25/newcastle/racecard/513626
2026-08-25,Newcastle,13:42,2,Alnwick Abby,513626,Sporting Life,https://www.sportinglife.com/greyhounds/racecards/2026-08-25/newcastle/racecard/513626
2026-08-25,Newcastle,13:42,3,Canny Smiler,513626,Sporting Life,https://www.sportinglife.com/greyhounds/racecards/2026-08-25/newcastle/racecard/513626
2026-08-25,Newcastle,13:42,4,Johnny Chase,513626,Sporting Life,https://www.sportinglife.com/greyhounds/racecards/2026-08-25/newcastle/racecard/513626
2026-08-25,Newcastle,13:42,6,Deelish Diva,513626,Sporting Life,https://www.sportinglife.com/greyhounds/racecards/2026-08-25/newcastle/racecard/513626
2026-08-25,Newcastle,13:59,1,Zenith Efendi,513627,Sporting Life,https://www.sportinglife.com/greyhounds/racecards/2026-08-25/newcastle/racecard/513627
2026-08-25,Newcastle,13:59,2,Dunelm Le Fee,513627,Sporting Life,https://www.sportinglife.com/greyhounds/racecards/2026-08-25/newcastle/racecard/513627
2026-08-25,Newcastle,13:59,3,Sixsevensixseven,513627,Sporting Life,https://www.sportinglife.com/greyhounds/racecards/2026-08-25/newcastle/racecard/513627
2026-08-25,Newcastle,13:59,4,Jacktavern Zoe,513627,Sporting Life,https://www.sportinglife.com/greyhounds/racecards/2026-08-25/newcastle/racecard/513627
2026-08-25,Newcastle,13:59,6,Blackhouse Flock,513627,Sporting Life,https://www.sportinglife.com/greyhounds/racecards/2026-08-25/newcastle/racecard/513627
2026-08-25,Newcastle,14:14,2,Some Might Say,513628,Sporting Life,https://www.sportinglife.com/greyhounds/racecards/2026-08-25/newcastle/racecard/513628
2026-08-25,Newcastle,14:14,3,Wirtz Class,513628,Sporting Life,https://www.sportinglife.com/greyhounds/racecards/2026-08-25/newcastle/racecard/513628
2026-08-25,Newcastle,14:14,4,Whitehills Dawn,513628,Sporting Life,https://www.sportinglife.com/greyhounds/racecards/2026-08-25/newcastle/racecard/513628
2026-08-25,Newcastle,14:14,5,Alnwick Tina,513628,Sporting Life,https://www.sportinglife.com/greyhounds/racecards/2026-08-25/newcastle/racecard/513628
2026-08-25,Newcastle,14:14,6,Patriot Missile,513628,Sporting Life,https://www.sportinglife.com/greyhounds/racecards/2026-08-25/newcastle/racecard/513628
2026-08-25,Romford,14:23,1,Pharis Cashout,513605,Sporting Life,https://www.sportinglife.com/greyhounds/racecards/2026-08-25/romford/racecard/513605
2026-08-25,Romford,14:23,2,Tip Top Pinky,513605,Sporting Life,https://www.sportinglife.com/greyhounds/racecards/2026-08-25/romford/racecard/513605
2026-08-25,Romford,14:23,3,Drovers Romany,513605,Sporting Life,https://www.sportinglife.com/greyhounds/racecards/2026-08-25/romford/racecard/513605
2026-08-25,Romford,14:23,4,Swift Accomplish,513605,Sporting Life,https://www.sportinglife.com/greyhounds/racecards/2026-08-25/romford/racecard/513605
2026-08-25,Romford,14:23,6,Miami Hero,513605,Sporting Life,https://www.sportinglife.com/greyhounds/racecards/2026-08-25/romford/racecard/513605
2026-08-25,Romford,14:41,1,Aint Got No Cash,513606,Sporting Life,https://www.sportinglife.com/greyhounds/racecards/2026-08-25/romford/racecard/513606
2026-08-25,Romford,14:41,2,Burgess Sharon,513606,Sporting Life,https://www.sportinglife.com/greyhounds/racecards/2026-08-25/romford/racecard/513606
2026-08-25,Romford,14:41,3,Pupi Chulo,513606,Sporting Life,https://www.sportinglife.com/greyhounds/racecards/2026-08-25/romford/racecard/513606
2026-08-25,Romford,14:41,5,Swift Lorenzo,513606,Sporting Life,https://www.sportinglife.com/greyhounds/racecards/2026-08-25/romford/racecard/513606
2026-08-25,Romford,14:41,6,Moaning Dolly,513606,Sporting Life,https://www.sportinglife.com/greyhounds/racecards/2026-08-25/romford/racecard/513606
2026-08-25,Romford,15:01,2,Luminous Flyer,513607,Sporting Life,https://www.sportinglife.com/greyhounds/racecards/2026-08-25/romford/racecard/513607
2026-08-25,Romford,15:01,3,Woodcliff Tahiti,513607,Sporting Life,https://www.sportinglife.com/greyhounds/racecards/2026-08-25/romford/racecard/513607
2026-08-25,Romford,15:01,4,Old Fort Jiver,513607,Sporting Life,https://www.sportinglife.com/greyhounds/racecards/2026-08-25/romford/racecard/513607
2026-08-25,Romford,15:01,5,Fastlane Frankie,513607,Sporting Life,https://www.sportinglife.com/greyhounds/racecards/2026-08-25/romford/racecard/513607
2026-08-25,Romford,15:01,6,Droopys Cassia,513607,Sporting Life,https://www.sportinglife.com/greyhounds/racecards/2026-08-25/romford/racecard/513607
2026-08-25,Romford,15:19,1,Bubbly Fury,513608,Sporting Life,https://www.sportinglife.com/greyhounds/racecards/2026-08-25/romford/racecard/513608
2026-08-25,Romford,15:19,2,My Agne,513608,Sporting Life,https://www.sportinglife.com/greyhounds/racecards/2026-08-25/romford/racecard/513608
2026-08-25,Romford,15:19,3,Ruadhans Boy,513608,Sporting Life,https://www.sportinglife.com/greyhounds/racecards/2026-08-25/romford/racecard/513608
2026-08-25,Romford,15:19,4,Brians Lee,513608,Sporting Life,https://www.sportinglife.com/greyhounds/racecards/2026-08-25/romford/racecard/513608
2026-08-25,Romford,15:19,5,Dinner Billycat,513608,Sporting Life,https://www.sportinglife.com/greyhounds/racecards/2026-08-25/romford/racecard/513608
2026-08-25,Romford,15:38,1,Young Joan,513609,Sporting Life,https://www.sportinglife.com/greyhounds/racecards/2026-08-25/romford/racecard/513609
2026-08-25,Romford,15:38,2,Come On Sheileen,513609,Sporting Life,https://www.sportinglife.com/greyhounds/racecards/2026-08-25/romford/racecard/513609
2026-08-25,Romford,15:38,3,Droopys Nanette,513609,Sporting Life,https://www.sportinglife.com/greyhounds/racecards/2026-08-25/romford/racecard/513609
2026-08-25,Romford,15:38,4,Hams Twin Turbo,513609,Sporting Life,https://www.sportinglife.com/greyhounds/racecards/2026-08-25/romford/racecard/513609
2026-08-25,Romford,15:38,5,Haverhill Ellie,513609,Sporting Life,https://www.sportinglife.com/greyhounds/racecards/2026-08-25/romford/racecard/513609
2026-08-25,Romford,15:38,6,Langston Lucky,513609,Sporting Life,https://www.sportinglife.com/greyhounds/racecards/2026-08-25/romford/racecard/513609
2026-08-25,Romford,15:57,1,Hannipaul Lecter,513610,Sporting Life,https://www.sportinglife.com/greyhounds/racecards/2026-08-25/romford/racecard/513610
2026-08-25,Romford,15:57,2,Aero Buster,513610,Sporting Life,https://www.sportinglife.com/greyhounds/racecards/2026-08-25/romford/racecard/513610
2026-08-25,Romford,15:57,3,Keiths Prezzie,513610,Sporting Life,https://www.sportinglife.com/greyhounds/racecards/2026-08-25/romford/racecard/513610
2026-08-25,Romford,15:57,5,Ballybeg Robin,513610,Sporting Life,https://www.sportinglife.com/greyhounds/racecards/2026-08-25/romford/racecard/513610
2026-08-25,Romford,15:57,6,Kilara Bijoux,513610,Sporting Life,https://www.sportinglife.com/greyhounds/racecards/2026-08-25/romford/racecard/513610
2026-08-25,Romford,16:16,1,Jims Buddy,513611,Sporting Life,https://www.sportinglife.com/greyhounds/racecards/2026-08-25/romford/racecard/513611
2026-08-25,Romford,16:16,2,Churchfield King,513611,Sporting Life,https://www.sportinglife.com/greyhounds/racecards/2026-08-25/romford/racecard/513611
2026-08-25,Romford,16:16,3,Essex Crazy,513611,Sporting Life,https://www.sportinglife.com/greyhounds/racecards/2026-08-25/romford/racecard/513611
2026-08-25,Romford,16:16,4,Jan Jan,513611,Sporting Life,https://www.sportinglife.com/greyhounds/racecards/2026-08-25/romford/racecard/513611
2026-08-25,Romford,16:16,6,Romantic Romeo,513611,Sporting Life,https://www.sportinglife.com/greyhounds/racecards/2026-08-25/romford/racecard/513611
2026-08-25,Romford,16:34,1,Aminutetooten,513612,Sporting Life,https://www.sportinglife.com/greyhounds/racecards/2026-08-25/romford/racecard/513612
2026-08-25,Romford,16:34,2,Showmetheclock,513612,Sporting Life,https://www.sportinglife.com/greyhounds/racecards/2026-08-25/romford/racecard/513612
2026-08-25,Romford,16:34,3,Lava Ace,513612,Sporting Life,https://www.sportinglife.com/greyhounds/racecards/2026-08-25/romford/racecard/513612
2026-08-25,Romford,16:34,4,Droopys Ma,513612,Sporting Life,https://www.sportinglife.com/greyhounds/racecards/2026-08-25/romford/racecard/513612
2026-08-25,Romford,16:34,5,Trumps Again,513612,Sporting Life,https://www.sportinglife.com/greyhounds/racecards/2026-08-25/romford/racecard/513612
2026-08-25,Romford,16:34,6,Hawkfield Grant,513612,Sporting Life,https://www.sportinglife.com/greyhounds/racecards/2026-08-25/romford/racecard/513612
2026-08-25,Romford,16:53,1,Goulane Vegas,513613,Sporting Life,https://www.sportinglife.com/greyhounds/racecards/2026-08-25/romford/racecard/513613
2026-08-25,Romford,16:53,2,Ricos Diamond,513613,Sporting Life,https://www.sportinglife.com/greyhounds/racecards/2026-08-25/romford/racecard/513613
2026-08-25,Romford,16:53,3,Thread Of Hope,513613,Sporting Life,https://www.sportinglife.com/greyhounds/racecards/2026-08-25/romford/racecard/513613
2026-08-25,Romford,16:53,4,Innfield Melody,513613,Sporting Life,https://www.sportinglife.com/greyhounds/racecards/2026-08-25/romford/racecard/513613
2026-08-25,Romford,16:53,5,Ardera Actor,513613,Sporting Life,https://www.sportinglife.com/greyhounds/racecards/2026-08-25/romford/racecard/513613
2026-08-25,Romford,17:12,1,Velvet Kaela,513614,Sporting Life,https://www.sportinglife.com/greyhounds/racecards/2026-08-25/romford/racecard/513614
2026-08-25,Romford,17:12,2,Holding Lizzy,513614,Sporting Life,https://www.sportinglife.com/greyhounds/racecards/2026-08-25/romford/racecard/513614
2026-08-25,Romford,17:12,3,Abel Mabel,513614,Sporting Life,https://www.sportinglife.com/greyhounds/racecards/2026-08-25/romford/racecard/513614
2026-08-25,Romford,17:12,4,Kingdom Monty,513614,Sporting Life,https://www.sportinglife.com/greyhounds/racecards/2026-08-25/romford/racecard/513614
2026-08-25,Romford,17:12,5,Crafty San Siro,513614,Sporting Life,https://www.sportinglife.com/greyhounds/racecards/2026-08-25/romford/racecard/513614
2026-08-25,Romford,17:12,6,Cowboy Terry,513614,Sporting Life,https://www.sportinglife.com/greyhounds/racecards/2026-08-25/romford/racecard/513614
2026-08-25,Romford,17:31,2,Poppy On Faya,513615,Sporting Life,https://www.sportinglife.com/greyhounds/racecards/2026-08-25/romford/racecard/513615
2026-08-25,Romford,17:31,3,Minnies Sofia,513615,Sporting Life,https://www.sportinglife.com/greyhounds/racecards/2026-08-25/romford/racecard/513615
2026-08-25,Romford,17:31,4,Jet Velocity,513615,Sporting Life,https://www.sportinglife.com/greyhounds/racecards/2026-08-25/romford/racecard/513615
2026-08-25,Romford,17:31,5,Andys Dream,513615,Sporting Life,https://www.sportinglife.com/greyhounds/racecards/2026-08-25/romford/racecard/513615
2026-08-25,Romford,17:31,6,Hollywood Topcat,513615,Sporting Life,https://www.sportinglife.com/greyhounds/racecards/2026-08-25/romford/racecard/513615
2026-08-25,Romford,17:49,1,Flys Legacy,513616,Sporting Life,https://www.sportinglife.com/greyhounds/racecards/2026-08-25/romford/racecard/513616
2026-08-25,Romford,17:49,3,Yahoo Jimmy,513616,Sporting Life,https://www.sportinglife.com/greyhounds/racecards/2026-08-25/romford/racecard/513616
2026-08-25,Romford,17:49,4,Deelish Annie,513616,Sporting Life,https://www.sportinglife.com/greyhounds/racecards/2026-08-25/romford/racecard/513616
2026-08-25,Romford,17:49,5,Sporting Aduri,513616,Sporting Life,https://www.sportinglife.com/greyhounds/racecards/2026-08-25/romford/racecard/513616
2026-08-25,Romford,17:49,6,Louises Summer,513616,Sporting Life,https://www.sportinglife.com/greyhounds/racecards/2026-08-25/romford/racecard/513616
2026-08-25,Sheffield,11:01,1,Whisky Empress,513593,Sporting Life,https://www.sportinglife.com/greyhounds/racecards/2026-08-25/sheffield/racecard/513593
2026-08-25,Sheffield,11:01,3,Helicopter Wilma,513593,Sporting Life,https://www.sportinglife.com/greyhounds/racecards/2026-08-25/sheffield/racecard/513593
2026-08-25,Sheffield,11:01,4,Truly Special,513593,Sporting Life,https://www.sportinglife.com/greyhounds/racecards/2026-08-25/sheffield/racecard/513593
2026-08-25,Sheffield,11:01,5,Mylittle Maureen,513593,Sporting Life,https://www.sportinglife.com/greyhounds/racecards/2026-08-25/sheffield/racecard/513593
2026-08-25,Sheffield,11:01,6,Slippy Daniel,513593,Sporting Life,https://www.sportinglife.com/greyhounds/racecards/2026-08-25/sheffield/racecard/513593
2026-08-25,Sheffield,11:18,1,Anglesey Herring,513594,Sporting Life,https://www.sportinglife.com/greyhounds/racecards/2026-08-25/sheffield/racecard/513594
2026-08-25,Sheffield,11:18,2,Rowington Rebel,513594,Sporting Life,https://www.sportinglife.com/greyhounds/racecards/2026-08-25/sheffield/racecard/513594
2026-08-25,Sheffield,11:18,3,Feora Sara,513594,Sporting Life,https://www.sportinglife.com/greyhounds/racecards/2026-08-25/sheffield/racecard/513594
2026-08-25,Sheffield,11:18,5,Colrose Flyer,513594,Sporting Life,https://www.sportinglife.com/greyhounds/racecards/2026-08-25/sheffield/racecard/513594
2026-08-25,Sheffield,11:18,6,Catunda Sniper,513594,Sporting Life,https://www.sportinglife.com/greyhounds/racecards/2026-08-25/sheffield/racecard/513594
2026-08-25,Sheffield,11:34,1,Tatti Gamble,513595,Sporting Life,https://www.sportinglife.com/greyhounds/racecards/2026-08-25/sheffield/racecard/513595
2026-08-25,Sheffield,11:34,2,Confident Rover,513595,Sporting Life,https://www.sportinglife.com/greyhounds/racecards/2026-08-25/sheffield/racecard/513595
2026-08-25,Sheffield,11:34,3,Olwinn Win,513595,Sporting Life,https://www.sportinglife.com/greyhounds/racecards/2026-08-25/sheffield/racecard/513595
2026-08-25,Sheffield,11:34,4,Avongate Gloss,513595,Sporting Life,https://www.sportinglife.com/greyhounds/racecards/2026-08-25/sheffield/racecard/513595
2026-08-25,Sheffield,11:34,5,Windgap Frost,513595,Sporting Life,https://www.sportinglife.com/greyhounds/racecards/2026-08-25/sheffield/racecard/513595
2026-08-25,Sheffield,11:52,1,Chiltern Dreams,513596,Sporting Life,https://www.sportinglife.com/greyhounds/racecards/2026-08-25/sheffield/racecard/513596
2026-08-25,Sheffield,11:52,3,Vegas Maggie,513596,Sporting Life,https://www.sportinglife.com/greyhounds/racecards/2026-08-25/sheffield/racecard/513596
2026-08-25,Sheffield,11:52,4,Neon Whoopie,513596,Sporting Life,https://www.sportinglife.com/greyhounds/racecards/2026-08-25/sheffield/racecard/513596
2026-08-25,Sheffield,11:52,5,Drumdoit Juniper,513596,Sporting Life,https://www.sportinglife.com/greyhounds/racecards/2026-08-25/sheffield/racecard/513596
2026-08-25,Sheffield,11:52,6,Footfield Lottie,513596,Sporting Life,https://www.sportinglife.com/greyhounds/racecards/2026-08-25/sheffield/racecard/513596
2026-08-25,Sheffield,12:09,1,Gwladys Queen,513597,Sporting Life,https://www.sportinglife.com/greyhounds/racecards/2026-08-25/sheffield/racecard/513597
2026-08-25,Sheffield,12:09,2,No Small Talk,513597,Sporting Life,https://www.sportinglife.com/greyhounds/racecards/2026-08-25/sheffield/racecard/513597
2026-08-25,Sheffield,12:09,3,Jacobs Charm,513597,Sporting Life,https://www.sportinglife.com/greyhounds/racecards/2026-08-25/sheffield/racecard/513597
2026-08-25,Sheffield,12:09,5,Nametab Sirius,513597,Sporting Life,https://www.sportinglife.com/greyhounds/racecards/2026-08-25/sheffield/racecard/513597
2026-08-25,Sheffield,12:09,6,Russanda Penny,513597,Sporting Life,https://www.sportinglife.com/greyhounds/racecards/2026-08-25/sheffield/racecard/513597
2026-08-25,Sheffield,12:26,1,Creevy Jet,513598,Sporting Life,https://www.sportinglife.com/greyhounds/racecards/2026-08-25/sheffield/racecard/513598
2026-08-25,Sheffield,12:26,2,Do The Catch,513598,Sporting Life,https://www.sportinglife.com/greyhounds/racecards/2026-08-25/sheffield/racecard/513598
2026-08-25,Sheffield,12:26,4,Slippy Shane,513598,Sporting Life,https://www.sportinglife.com/greyhounds/racecards/2026-08-25/sheffield/racecard/513598
2026-08-25,Sheffield,12:26,5,Drumdoit Belle,513598,Sporting Life,https://www.sportinglife.com/greyhounds/racecards/2026-08-25/sheffield/racecard/513598
2026-08-25,Sheffield,12:26,6,Notsofastteddy,513598,Sporting Life,https://www.sportinglife.com/greyhounds/racecards/2026-08-25/sheffield/racecard/513598
2026-08-25,Sheffield,12:42,2,Shelone Sky,513599,Sporting Life,https://www.sportinglife.com/greyhounds/racecards/2026-08-25/sheffield/racecard/513599
2026-08-25,Sheffield,12:42,3,Get Up Paddy,513599,Sporting Life,https://www.sportinglife.com/greyhounds/racecards/2026-08-25/sheffield/racecard/513599
2026-08-25,Sheffield,12:42,4,Jolly Arlo,513599,Sporting Life,https://www.sportinglife.com/greyhounds/racecards/2026-08-25/sheffield/racecard/513599
2026-08-25,Sheffield,12:42,5,Conlig Boy,513599,Sporting Life,https://www.sportinglife.com/greyhounds/racecards/2026-08-25/sheffield/racecard/513599
2026-08-25,Sheffield,12:42,6,Acomb Billy,513599,Sporting Life,https://www.sportinglife.com/greyhounds/racecards/2026-08-25/sheffield/racecard/513599
2026-08-25,Sheffield,12:59,1,Wholovesye,513600,Sporting Life,https://www.sportinglife.com/greyhounds/racecards/2026-08-25/sheffield/racecard/513600
2026-08-25,Sheffield,12:59,2,Troubled Water,513600,Sporting Life,https://www.sportinglife.com/greyhounds/racecards/2026-08-25/sheffield/racecard/513600
2026-08-25,Sheffield,12:59,4,Drumdoit Galaxy,513600,Sporting Life,https://www.sportinglife.com/greyhounds/racecards/2026-08-25/sheffield/racecard/513600
2026-08-25,Sheffield,12:59,5,A Fine Time,513600,Sporting Life,https://www.sportinglife.com/greyhounds/racecards/2026-08-25/sheffield/racecard/513600
2026-08-25,Sheffield,12:59,6,Diamond Santa,513600,Sporting Life,https://www.sportinglife.com/greyhounds/racecards/2026-08-25/sheffield/racecard/513600
2026-08-25,Sheffield,13:17,1,Sigh Of Relief,513601,Sporting Life,https://www.sportinglife.com/greyhounds/racecards/2026-08-25/sheffield/racecard/513601
2026-08-25,Sheffield,13:17,2,Freedom Layla,513601,Sporting Life,https://www.sportinglife.com/greyhounds/racecards/2026-08-25/sheffield/racecard/513601
2026-08-25,Sheffield,13:17,4,Tromora Milo,513601,Sporting Life,https://www.sportinglife.com/greyhounds/racecards/2026-08-25/sheffield/racecard/513601
2026-08-25,Sheffield,13:17,5,Queen Farrah,513601,Sporting Life,https://www.sportinglife.com/greyhounds/racecards/2026-08-25/sheffield/racecard/513601
2026-08-25,Sheffield,13:17,6,Acomb Olga,513601,Sporting Life,https://www.sportinglife.com/greyhounds/racecards/2026-08-25/sheffield/racecard/513601
2026-08-25,Sheffield,13:33,1,Drumdoit Rosie,513602,Sporting Life,https://www.sportinglife.com/greyhounds/racecards/2026-08-25/sheffield/racecard/513602
2026-08-25,Sheffield,13:33,2,Fugazi,513602,Sporting Life,https://www.sportinglife.com/greyhounds/racecards/2026-08-25/sheffield/racecard/513602
2026-08-25,Sheffield,13:33,4,Killeacle Heidi,513602,Sporting Life,https://www.sportinglife.com/greyhounds/racecards/2026-08-25/sheffield/racecard/513602
2026-08-25,Sheffield,13:33,5,Russanda Milly,513602,Sporting Life,https://www.sportinglife.com/greyhounds/racecards/2026-08-25/sheffield/racecard/513602
2026-08-25,Sheffield,13:33,6,Elegant Jet,513602,Sporting Life,https://www.sportinglife.com/greyhounds/racecards/2026-08-25/sheffield/racecard/513602
2026-08-25,Sheffield,13:51,1,Antepost Bet,513603,Sporting Life,https://www.sportinglife.com/greyhounds/racecards/2026-08-25/sheffield/racecard/513603
2026-08-25,Sheffield,13:51,2,Crokers Emma,513603,Sporting Life,https://www.sportinglife.com/greyhounds/racecards/2026-08-25/sheffield/racecard/513603
2026-08-25,Sheffield,13:51,4,Killeacle Cher,513603,Sporting Life,https://www.sportinglife.com/greyhounds/racecards/2026-08-25/sheffield/racecard/513603
2026-08-25,Sheffield,13:51,5,Acomb Mo,513603,Sporting Life,https://www.sportinglife.com/greyhounds/racecards/2026-08-25/sheffield/racecard/513603
2026-08-25,Sheffield,13:51,6,Fakebook Zombie,513603,Sporting Life,https://www.sportinglife.com/greyhounds/racecards/2026-08-25/sheffield/racecard/513603
2026-08-25,Sheffield,14:07,1,Thats Mikeys,513604,Sporting Life,https://www.sportinglife.com/greyhounds/racecards/2026-08-25/sheffield/racecard/513604
2026-08-25,Sheffield,14:07,3,Kilgarran Belle,513604,Sporting Life,https://www.sportinglife.com/greyhounds/racecards/2026-08-25/sheffield/racecard/513604
2026-08-25,Sheffield,14:07,4,Dingle Bottom,513604,Sporting Life,https://www.sportinglife.com/greyhounds/racecards/2026-08-25/sheffield/racecard/513604
2026-08-25,Sheffield,14:07,5,Acomb Blossom,513604,Sporting Life,https://www.sportinglife.com/greyhounds/racecards/2026-08-25/sheffield/racecard/513604
2026-08-25,Sheffield,14:07,6,Blake Delight,513604,Sporting Life,https://www.sportinglife.com/greyhounds/racecards/2026-08-25/sheffield/racecard/513604
2026-08-25,Star Pelaw,18:11,1,Baby Cupcakes,513677,Sporting Life,https://www.sportinglife.com/greyhounds/racecards/2026-08-25/star-pelaw/racecard/513677
2026-08-25,Star Pelaw,18:11,2,Deelish Rapid,513677,Sporting Life,https://www.sportinglife.com/greyhounds/racecards/2026-08-25/star-pelaw/racecard/513677
2026-08-25,Star Pelaw,18:11,3,Caseys Jarod,513677,Sporting Life,https://www.sportinglife.com/greyhounds/racecards/2026-08-25/star-pelaw/racecard/513677
2026-08-25,Star Pelaw,18:11,4,Blackstone Senna,513677,Sporting Life,https://www.sportinglife.com/greyhounds/racecards/2026-08-25/star-pelaw/racecard/513677
2026-08-25,Star Pelaw,18:11,5,Haywards Ava,513677,Sporting Life,https://www.sportinglife.com/greyhounds/racecards/2026-08-25/star-pelaw/racecard/513677
2026-08-25,Star Pelaw,18:11,6,Cream Biscuit,513677,Sporting Life,https://www.sportinglife.com/greyhounds/racecards/2026-08-25/star-pelaw/racecard/513677
2026-08-25,Star Pelaw,18:29,1,Haywards Olivia,513678,Sporting Life,https://www.sportinglife.com/greyhounds/racecards/2026-08-25/star-pelaw/racecard/513678
2026-08-25,Star Pelaw,18:29,2,Second Addition,513678,Sporting Life,https://www.sportinglife.com/greyhounds/racecards/2026-08-25/star-pelaw/racecard/513678
2026-08-25,Star Pelaw,18:29,3,Fionntra Ogie,513678,Sporting Life,https://www.sportinglife.com/greyhounds/racecards/2026-08-25/star-pelaw/racecard/513678
2026-08-25,Star Pelaw,18:29,4,Glenbowen Mabel,513678,Sporting Life,https://www.sportinglife.com/greyhounds/racecards/2026-08-25/star-pelaw/racecard/513678
2026-08-25,Star Pelaw,18:29,5,Spy Master,513678,Sporting Life,https://www.sportinglife.com/greyhounds/racecards/2026-08-25/star-pelaw/racecard/513678
2026-08-25,Star Pelaw,18:29,6,Springside Hoffa,513678,Sporting Life,https://www.sportinglife.com/greyhounds/racecards/2026-08-25/star-pelaw/racecard/513678
2026-08-25,Star Pelaw,18:46,1,Louis Hope,513679,Sporting Life,https://www.sportinglife.com/greyhounds/racecards/2026-08-25/star-pelaw/racecard/513679
2026-08-25,Star Pelaw,18:46,3,Bogger Cutie,513679,Sporting Life,https://www.sportinglife.com/greyhounds/racecards/2026-08-25/star-pelaw/racecard/513679
2026-08-25,Star Pelaw,18:46,4,Daring Poppy,513679,Sporting Life,https://www.sportinglife.com/greyhounds/racecards/2026-08-25/star-pelaw/racecard/513679
2026-08-25,Star Pelaw,18:46,5,Fionntra Best,513679,Sporting Life,https://www.sportinglife.com/greyhounds/racecards/2026-08-25/star-pelaw/racecard/513679
2026-08-25,Star Pelaw,18:46,6,Fionntra City,513679,Sporting Life,https://www.sportinglife.com/greyhounds/racecards/2026-08-25/star-pelaw/racecard/513679
2026-08-25,Star Pelaw,19:04,1,Keeperhill Ei Ei,513680,Sporting Life,https://www.sportinglife.com/greyhounds/racecards/2026-08-25/star-pelaw/racecard/513680
2026-08-25,Star Pelaw,19:04,2,Birtley Hoopstar,513680,Sporting Life,https://www.sportinglife.com/greyhounds/racecards/2026-08-25/star-pelaw/racecard/513680
2026-08-25,Star Pelaw,19:04,3,Caseys Dylan,513680,Sporting Life,https://www.sportinglife.com/greyhounds/racecards/2026-08-25/star-pelaw/racecard/513680
2026-08-25,Star Pelaw,19:04,4,Burgess Siun,513680,Sporting Life,https://www.sportinglife.com/greyhounds/racecards/2026-08-25/star-pelaw/racecard/513680
2026-08-25,Star Pelaw,19:04,6,Basher,513680,Sporting Life,https://www.sportinglife.com/greyhounds/racecards/2026-08-25/star-pelaw/racecard/513680
2026-08-25,Star Pelaw,19:24,1,Toddys Raven,513681,Sporting Life,https://www.sportinglife.com/greyhounds/racecards/2026-08-25/star-pelaw/racecard/513681
2026-08-25,Star Pelaw,19:24,2,Ma Darlin,513681,Sporting Life,https://www.sportinglife.com/greyhounds/racecards/2026-08-25/star-pelaw/racecard/513681
2026-08-25,Star Pelaw,19:24,3,Loughside Roisin,513681,Sporting Life,https://www.sportinglife.com/greyhounds/racecards/2026-08-25/star-pelaw/racecard/513681
2026-08-25,Star Pelaw,19:24,4,Newyork Fitzy,513681,Sporting Life,https://www.sportinglife.com/greyhounds/racecards/2026-08-25/star-pelaw/racecard/513681
2026-08-25,Star Pelaw,19:24,5,Anglesey Tesla,513681,Sporting Life,https://www.sportinglife.com/greyhounds/racecards/2026-08-25/star-pelaw/racecard/513681
2026-08-25,Star Pelaw,19:24,6,Luminous Busty,513681,Sporting Life,https://www.sportinglife.com/greyhounds/racecards/2026-08-25/star-pelaw/racecard/513681
2026-08-25,Star Pelaw,19:42,1,Glengiblin Frank,513682,Sporting Life,https://www.sportinglife.com/greyhounds/racecards/2026-08-25/star-pelaw/racecard/513682
2026-08-25,Star Pelaw,19:42,2,Links Ginola,513682,Sporting Life,https://www.sportinglife.com/greyhounds/racecards/2026-08-25/star-pelaw/racecard/513682
2026-08-25,Star Pelaw,19:42,3,Brassneck Usyk,513682,Sporting Life,https://www.sportinglife.com/greyhounds/racecards/2026-08-25/star-pelaw/racecard/513682
2026-08-25,Star Pelaw,19:42,4,Jacktavern Remi,513682,Sporting Life,https://www.sportinglife.com/greyhounds/racecards/2026-08-25/star-pelaw/racecard/513682
2026-08-25,Star Pelaw,19:42,5,Knockduff Don,513682,Sporting Life,https://www.sportinglife.com/greyhounds/racecards/2026-08-25/star-pelaw/racecard/513682
2026-08-25,Star Pelaw,19:42,6,Toonrlee,513682,Sporting Life,https://www.sportinglife.com/greyhounds/racecards/2026-08-25/star-pelaw/racecard/513682
2026-08-25,Star Pelaw,19:58,1,Playing Nice,513683,Sporting Life,https://www.sportinglife.com/greyhounds/racecards/2026-08-25/star-pelaw/racecard/513683
2026-08-25,Star Pelaw,19:58,2,Glengiblin Jenny,513683,Sporting Life,https://www.sportinglife.com/greyhounds/racecards/2026-08-25/star-pelaw/racecard/513683
2026-08-25,Star Pelaw,19:58,3,Macrompian Maid,513683,Sporting Life,https://www.sportinglife.com/greyhounds/racecards/2026-08-25/star-pelaw/racecard/513683
2026-08-25,Star Pelaw,19:58,4,Swift Annual,513683,Sporting Life,https://www.sportinglife.com/greyhounds/racecards/2026-08-25/star-pelaw/racecard/513683
2026-08-25,Star Pelaw,19:58,5,Malibu Barbie,513683,Sporting Life,https://www.sportinglife.com/greyhounds/racecards/2026-08-25/star-pelaw/racecard/513683
2026-08-25,Star Pelaw,19:58,6,Mid Tipp Franky,513683,Sporting Life,https://www.sportinglife.com/greyhounds/racecards/2026-08-25/star-pelaw/racecard/513683
2026-08-25,Star Pelaw,20:16,1,Fruity Licious,513684,Sporting Life,https://www.sportinglife.com/greyhounds/racecards/2026-08-25/star-pelaw/racecard/513684
2026-08-25,Star Pelaw,20:16,2,Malibu Jota,513684,Sporting Life,https://www.sportinglife.com/greyhounds/racecards/2026-08-25/star-pelaw/racecard/513684
2026-08-25,Star Pelaw,20:16,3,Lucy Jay,513684,Sporting Life,https://www.sportinglife.com/greyhounds/racecards/2026-08-25/star-pelaw/racecard/513684
2026-08-25,Star Pelaw,20:16,4,Malibu Harry,513684,Sporting Life,https://www.sportinglife.com/greyhounds/racecards/2026-08-25/star-pelaw/racecard/513684
2026-08-25,Star Pelaw,20:16,5,Cowboy Diego,513684,Sporting Life,https://www.sportinglife.com/greyhounds/racecards/2026-08-25/star-pelaw/racecard/513684
2026-08-25,Star Pelaw,20:16,6,Phantasma,513684,Sporting Life,https://www.sportinglife.com/greyhounds/racecards/2026-08-25/star-pelaw/racecard/513684
2026-08-25,Star Pelaw,20:34,1,Franklins Pace,513685,Sporting Life,https://www.sportinglife.com/greyhounds/racecards/2026-08-25/star-pelaw/racecard/513685
2026-08-25,Star Pelaw,20:34,2,Glengiblinbadger,513685,Sporting Life,https://www.sportinglife.com/greyhounds/racecards/2026-08-25/star-pelaw/racecard/513685
2026-08-25,Star Pelaw,20:34,3,Onyago Giorgio,513685,Sporting Life,https://www.sportinglife.com/greyhounds/racecards/2026-08-25/star-pelaw/racecard/513685
2026-08-25,Star Pelaw,20:34,4,Wor Bobbie,513685,Sporting Life,https://www.sportinglife.com/greyhounds/racecards/2026-08-25/star-pelaw/racecard/513685
2026-08-25,Star Pelaw,20:34,6,Glengiblin Bella,513685,Sporting Life,https://www.sportinglife.com/greyhounds/racecards/2026-08-25/star-pelaw/racecard/513685
2026-08-25,Star Pelaw,20:52,1,More Sufferance,513686,Sporting Life,https://www.sportinglife.com/greyhounds/racecards/2026-08-25/star-pelaw/racecard/513686
2026-08-25,Star Pelaw,20:52,2,Cherry Darling,513686,Sporting Life,https://www.sportinglife.com/greyhounds/racecards/2026-08-25/star-pelaw/racecard/513686
2026-08-25,Star Pelaw,20:52,3,Westfield Onebid,513686,Sporting Life,https://www.sportinglife.com/greyhounds/racecards/2026-08-25/star-pelaw/racecard/513686
2026-08-25,Star Pelaw,20:52,4,Philipstown Tomo,513686,Sporting Life,https://www.sportinglife.com/greyhounds/racecards/2026-08-25/star-pelaw/racecard/513686
2026-08-25,Star Pelaw,20:52,6,Applewood Girl,513686,Sporting Life,https://www.sportinglife.com/greyhounds/racecards/2026-08-25/star-pelaw/racecard/513686
2026-08-25,Sunderland,18:37,1,Crokers Derek,513629,Sporting Life,https://www.sportinglife.com/greyhounds/racecards/2026-08-25/sunderland/racecard/513629
2026-08-25,Sunderland,18:37,2,Sunny Tab,513629,Sporting Life,https://www.sportinglife.com/greyhounds/racecards/2026-08-25/sunderland/racecard/513629
2026-08-25,Sunderland,18:37,3,Vegas Mo Chara,513629,Sporting Life,https://www.sportinglife.com/greyhounds/racecards/2026-08-25/sunderland/racecard/513629
2026-08-25,Sunderland,18:37,4,Cantcallhimaero,513629,Sporting Life,https://www.sportinglife.com/greyhounds/racecards/2026-08-25/sunderland/racecard/513629
2026-08-25,Sunderland,18:37,5,Ravens Girl,513629,Sporting Life,https://www.sportinglife.com/greyhounds/racecards/2026-08-25/sunderland/racecard/513629
2026-08-25,Sunderland,18:53,1,Maes Star,513630,Sporting Life,https://www.sportinglife.com/greyhounds/racecards/2026-08-25/sunderland/racecard/513630
2026-08-25,Sunderland,18:53,2,Roaming Ariana,513630,Sporting Life,https://www.sportinglife.com/greyhounds/racecards/2026-08-25/sunderland/racecard/513630
2026-08-25,Sunderland,18:53,3,Nickos Hunter,513630,Sporting Life,https://www.sportinglife.com/greyhounds/racecards/2026-08-25/sunderland/racecard/513630
2026-08-25,Sunderland,18:53,4,Dashing Elvis,513630,Sporting Life,https://www.sportinglife.com/greyhounds/racecards/2026-08-25/sunderland/racecard/513630
2026-08-25,Sunderland,18:53,5,Monadreen Jazz,513630,Sporting Life,https://www.sportinglife.com/greyhounds/racecards/2026-08-25/sunderland/racecard/513630
2026-08-25,Sunderland,18:53,6,Walk On Buddy,513630,Sporting Life,https://www.sportinglife.com/greyhounds/racecards/2026-08-25/sunderland/racecard/513630
2026-08-25,Sunderland,19:11,1,Bashful Pebbles,513631,Sporting Life,https://www.sportinglife.com/greyhounds/racecards/2026-08-25/sunderland/racecard/513631
2026-08-25,Sunderland,19:11,2,Strike It Minton,513631,Sporting Life,https://www.sportinglife.com/greyhounds/racecards/2026-08-25/sunderland/racecard/513631
2026-08-25,Sunderland,19:11,3,Level Dubai,513631,Sporting Life,https://www.sportinglife.com/greyhounds/racecards/2026-08-25/sunderland/racecard/513631
2026-08-25,Sunderland,19:11,4,Fruity Ninja,513631,Sporting Life,https://www.sportinglife.com/greyhounds/racecards/2026-08-25/sunderland/racecard/513631
2026-08-25,Sunderland,19:11,5,Burkos Criminal,513631,Sporting Life,https://www.sportinglife.com/greyhounds/racecards/2026-08-25/sunderland/racecard/513631
2026-08-25,Sunderland,19:27,1,Moulton Debbie,513632,Sporting Life,https://www.sportinglife.com/greyhounds/racecards/2026-08-25/sunderland/racecard/513632
2026-08-25,Sunderland,19:27,2,Noirs Rita,513632,Sporting Life,https://www.sportinglife.com/greyhounds/racecards/2026-08-25/sunderland/racecard/513632
2026-08-25,Sunderland,19:27,3,Rebel William,513632,Sporting Life,https://www.sportinglife.com/greyhounds/racecards/2026-08-25/sunderland/racecard/513632
2026-08-25,Sunderland,19:27,5,Trimmer Thunder,513632,Sporting Life,https://www.sportinglife.com/greyhounds/racecards/2026-08-25/sunderland/racecard/513632
2026-08-25,Sunderland,19:27,6,Crossfield Conni,513632,Sporting Life,https://www.sportinglife.com/greyhounds/racecards/2026-08-25/sunderland/racecard/513632
2026-08-25,Sunderland,19:44,1,Marinas Calgary,513633,Sporting Life,https://www.sportinglife.com/greyhounds/racecards/2026-08-25/sunderland/racecard/513633
2026-08-25,Sunderland,19:44,2,Fruity Pebbles,513633,Sporting Life,https://www.sportinglife.com/greyhounds/racecards/2026-08-25/sunderland/racecard/513633
2026-08-25,Sunderland,19:44,3,Rosstemple Ben,513633,Sporting Life,https://www.sportinglife.com/greyhounds/racecards/2026-08-25/sunderland/racecard/513633
2026-08-25,Sunderland,19:44,4,Balrobuck Ash,513633,Sporting Life,https://www.sportinglife.com/greyhounds/racecards/2026-08-25/sunderland/racecard/513633
2026-08-25,Sunderland,19:44,5,Rising Forrest,513633,Sporting Life,https://www.sportinglife.com/greyhounds/racecards/2026-08-25/sunderland/racecard/513633
2026-08-25,Sunderland,19:44,6,Pollys Purler,513633,Sporting Life,https://www.sportinglife.com/greyhounds/racecards/2026-08-25/sunderland/racecard/513633
2026-08-25,Sunderland,20:01,1,Watermill Luca,513634,Sporting Life,https://www.sportinglife.com/greyhounds/racecards/2026-08-25/sunderland/racecard/513634
2026-08-25,Sunderland,20:01,2,Harlequin Ada,513634,Sporting Life,https://www.sportinglife.com/greyhounds/racecards/2026-08-25/sunderland/racecard/513634
2026-08-25,Sunderland,20:01,4,Placeinmyheart,513634,Sporting Life,https://www.sportinglife.com/greyhounds/racecards/2026-08-25/sunderland/racecard/513634
2026-08-25,Sunderland,20:01,5,Glideaway Ellie,513634,Sporting Life,https://www.sportinglife.com/greyhounds/racecards/2026-08-25/sunderland/racecard/513634
2026-08-25,Sunderland,20:01,6,Thors Hope,513634,Sporting Life,https://www.sportinglife.com/greyhounds/racecards/2026-08-25/sunderland/racecard/513634
2026-08-25,Sunderland,20:19,1,Lex Luther,513635,Sporting Life,https://www.sportinglife.com/greyhounds/racecards/2026-08-25/sunderland/racecard/513635
2026-08-25,Sunderland,20:19,2,Charge It,513635,Sporting Life,https://www.sportinglife.com/greyhounds/racecards/2026-08-25/sunderland/racecard/513635
2026-08-25,Sunderland,20:19,3,Dairyland Maeve,513635,Sporting Life,https://www.sportinglife.com/greyhounds/racecards/2026-08-25/sunderland/racecard/513635
2026-08-25,Sunderland,20:19,4,Marinas Mendoza,513635,Sporting Life,https://www.sportinglife.com/greyhounds/racecards/2026-08-25/sunderland/racecard/513635
2026-08-25,Sunderland,20:19,5,Swift Sandcastle,513635,Sporting Life,https://www.sportinglife.com/greyhounds/racecards/2026-08-25/sunderland/racecard/513635
2026-08-25,Sunderland,20:19,6,Freeway Sultan,513635,Sporting Life,https://www.sportinglife.com/greyhounds/racecards/2026-08-25/sunderland/racecard/513635
2026-08-25,Sunderland,20:36,1,Nellys Magoo,513636,Sporting Life,https://www.sportinglife.com/greyhounds/racecards/2026-08-25/sunderland/racecard/513636
2026-08-25,Sunderland,20:36,2,Las Vegas,513636,Sporting Life,https://www.sportinglife.com/greyhounds/racecards/2026-08-25/sunderland/racecard/513636
2026-08-25,Sunderland,20:36,3,Tromora Puma,513636,Sporting Life,https://www.sportinglife.com/greyhounds/racecards/2026-08-25/sunderland/racecard/513636
2026-08-25,Sunderland,20:36,4,Distant Barbie,513636,Sporting Life,https://www.sportinglife.com/greyhounds/racecards/2026-08-25/sunderland/racecard/513636
2026-08-25,Sunderland,20:36,6,Stormy Shelby,513636,Sporting Life,https://www.sportinglife.com/greyhounds/racecards/2026-08-25/sunderland/racecard/513636
2026-08-25,Sunderland,20:54,2,Scarsdale Pronto,513637,Sporting Life,https://www.sportinglife.com/greyhounds/racecards/2026-08-25/sunderland/racecard/513637
2026-08-25,Sunderland,20:54,3,Romantic Tessie,513637,Sporting Life,https://www.sportinglife.com/greyhounds/racecards/2026-08-25/sunderland/racecard/513637
2026-08-25,Sunderland,20:54,4,Kingdom Kid,513637,Sporting Life,https://www.sportinglife.com/greyhounds/racecards/2026-08-25/sunderland/racecard/513637
2026-08-25,Sunderland,20:54,5,Vegas Kemosabe,513637,Sporting Life,https://www.sportinglife.com/greyhounds/racecards/2026-08-25/sunderland/racecard/513637
2026-08-25,Sunderland,20:54,6,Cape Quest,513637,Sporting Life,https://www.sportinglife.com/greyhounds/racecards/2026-08-25/sunderland/racecard/513637
2026-08-25,Sunderland,21:11,1,Strike It Freya,513638,Sporting Life,https://www.sportinglife.com/greyhounds/racecards/2026-08-25/sunderland/racecard/513638
2026-08-25,Sunderland,21:11,2,Marinas Ivory,513638,Sporting Life,https://www.sportinglife.com/greyhounds/racecards/2026-08-25/sunderland/racecard/513638
2026-08-25,Sunderland,21:11,3,Damn Good,513638,Sporting Life,https://www.sportinglife.com/greyhounds/racecards/2026-08-25/sunderland/racecard/513638
2026-08-25,Sunderland,21:11,4,Cowardly John,513638,Sporting Life,https://www.sportinglife.com/greyhounds/racecards/2026-08-25/sunderland/racecard/513638
2026-08-25,Sunderland,21:11,5,Hollyhill Tommy,513638,Sporting Life,https://www.sportinglife.com/greyhounds/racecards/2026-08-25/sunderland/racecard/513638
2026-08-25,Sunderland,21:11,6,Westforth Avayla,513638,Sporting Life,https://www.sportinglife.com/greyhounds/racecards/2026-08-25/sunderland/racecard/513638
2026-08-25,Sunderland,21:28,1,Zesty Raspberry,513639,Sporting Life,https://www.sportinglife.com/greyhounds/racecards/2026-08-25/sunderland/racecard/513639
2026-08-25,Sunderland,21:28,2,Confident Josie,513639,Sporting Life,https://www.sportinglife.com/greyhounds/racecards/2026-08-25/sunderland/racecard/513639
2026-08-25,Sunderland,21:28,3,Southwood Kitty,513639,Sporting Life,https://www.sportinglife.com/greyhounds/racecards/2026-08-25/sunderland/racecard/513639
2026-08-25,Sunderland,21:28,4,Blackstone Tino,513639,Sporting Life,https://www.sportinglife.com/greyhounds/racecards/2026-08-25/sunderland/racecard/513639
2026-08-25,Sunderland,21:28,5,Amidus Call,513639,Sporting Life,https://www.sportinglife.com/greyhounds/racecards/2026-08-25/sunderland/racecard/513639
2026-08-25,Sunderland,21:28,6,Cloncunny Black,513639,Sporting Life,https://www.sportinglife.com/greyhounds/racecards/2026-08-25/sunderland/racecard/513639
2026-08-25,Sunderland,21:46,1,Kippers Puma,513640,Sporting Life,https://www.sportinglife.com/greyhounds/racecards/2026-08-25/sunderland/racecard/513640
2026-08-25,Sunderland,21:46,2,Black Rikke,513640,Sporting Life,https://www.sportinglife.com/greyhounds/racecards/2026-08-25/sunderland/racecard/513640
2026-08-25,Sunderland,21:46,3,Hollyhill Rose,513640,Sporting Life,https://www.sportinglife.com/greyhounds/racecards/2026-08-25/sunderland/racecard/513640
2026-08-25,Sunderland,21:46,4,Romantic Jake,513640,Sporting Life,https://www.sportinglife.com/greyhounds/racecards/2026-08-25/sunderland/racecard/513640
2026-08-25,Sunderland,21:46,5,Blackeyed Keyes,513640,Sporting Life,https://www.sportinglife.com/greyhounds/racecards/2026-08-25/sunderland/racecard/513640
2026-08-25,Sunderland,21:46,6,Doohoma Rogue,513640,Sporting Life,https://www.sportinglife.com/greyhounds/racecards/2026-08-25/sunderland/racecard/513640
2026-08-25,Towcester,18:08,1,Amka Wolf,513653,Sporting Life,https://www.sportinglife.com/greyhounds/racecards/2026-08-25/towcester/racecard/513653
2026-08-25,Towcester,18:08,2,Athy Town,513653,Sporting Life,https://www.sportinglife.com/greyhounds/racecards/2026-08-25/towcester/racecard/513653
2026-08-25,Towcester,18:08,3,Sals Matilda,513653,Sporting Life,https://www.sportinglife.com/greyhounds/racecards/2026-08-25/towcester/racecard/513653
2026-08-25,Towcester,18:08,4,Lamorna Rudie,513653,Sporting Life,https://www.sportinglife.com/greyhounds/racecards/2026-08-25/towcester/racecard/513653
2026-08-25,Towcester,18:08,5,Inniskeen Flash,513653,Sporting Life,https://www.sportinglife.com/greyhounds/racecards/2026-08-25/towcester/racecard/513653
2026-08-25,Towcester,18:08,6,Susie Gun,513653,Sporting Life,https://www.sportinglife.com/greyhounds/racecards/2026-08-25/towcester/racecard/513653
2026-08-25,Towcester,18:26,1,Fabulous Martina,513654,Sporting Life,https://www.sportinglife.com/greyhounds/racecards/2026-08-25/towcester/racecard/513654
2026-08-25,Towcester,18:26,2,Choices Jess,513654,Sporting Life,https://www.sportinglife.com/greyhounds/racecards/2026-08-25/towcester/racecard/513654
2026-08-25,Towcester,18:26,3,Getup Me Charva,513654,Sporting Life,https://www.sportinglife.com/greyhounds/racecards/2026-08-25/towcester/racecard/513654
2026-08-25,Towcester,18:26,4,Lively Paris,513654,Sporting Life,https://www.sportinglife.com/greyhounds/racecards/2026-08-25/towcester/racecard/513654
2026-08-25,Towcester,18:26,5,Lamorna Marley,513654,Sporting Life,https://www.sportinglife.com/greyhounds/racecards/2026-08-25/towcester/racecard/513654
2026-08-25,Towcester,18:26,6,Antigua Burn,513654,Sporting Life,https://www.sportinglife.com/greyhounds/racecards/2026-08-25/towcester/racecard/513654
2026-08-25,Towcester,18:42,1,Salacres Farage,513655,Sporting Life,https://www.sportinglife.com/greyhounds/racecards/2026-08-25/towcester/racecard/513655
2026-08-25,Towcester,18:42,2,Ballyclearylinks,513655,Sporting Life,https://www.sportinglife.com/greyhounds/racecards/2026-08-25/towcester/racecard/513655
2026-08-25,Towcester,18:42,3,Fabulous Jura,513655,Sporting Life,https://www.sportinglife.com/greyhounds/racecards/2026-08-25/towcester/racecard/513655
2026-08-25,Towcester,18:42,4,Antigua Bubble,513655,Sporting Life,https://www.sportinglife.com/greyhounds/racecards/2026-08-25/towcester/racecard/513655
2026-08-25,Towcester,18:42,5,Crafty Filo,513655,Sporting Life,https://www.sportinglife.com/greyhounds/racecards/2026-08-25/towcester/racecard/513655
2026-08-25,Towcester,18:42,6,Chelms Jacob,513655,Sporting Life,https://www.sportinglife.com/greyhounds/racecards/2026-08-25/towcester/racecard/513655
2026-08-25,Towcester,18:59,1,Sals Simba,513656,Sporting Life,https://www.sportinglife.com/greyhounds/racecards/2026-08-25/towcester/racecard/513656
2026-08-25,Towcester,18:59,2,Baggios Haze,513656,Sporting Life,https://www.sportinglife.com/greyhounds/racecards/2026-08-25/towcester/racecard/513656
2026-08-25,Towcester,18:59,3,Topper Shea,513656,Sporting Life,https://www.sportinglife.com/greyhounds/racecards/2026-08-25/towcester/racecard/513656
2026-08-25,Towcester,18:59,4,Dashing Tom,513656,Sporting Life,https://www.sportinglife.com/greyhounds/racecards/2026-08-25/towcester/racecard/513656
2026-08-25,Towcester,18:59,5,Salacresgovernor,513656,Sporting Life,https://www.sportinglife.com/greyhounds/racecards/2026-08-25/towcester/racecard/513656
2026-08-25,Towcester,18:59,6,Fabulous Lara,513656,Sporting Life,https://www.sportinglife.com/greyhounds/racecards/2026-08-25/towcester/racecard/513656
2026-08-25,Towcester,19:16,1,Salacres Tipster,513657,Sporting Life,https://www.sportinglife.com/greyhounds/racecards/2026-08-25/towcester/racecard/513657
2026-08-25,Towcester,19:16,2,Maggie Bombastic,513657,Sporting Life,https://www.sportinglife.com/greyhounds/racecards/2026-08-25/towcester/racecard/513657
2026-08-25,Towcester,19:16,3,As Happy As Bryn,513657,Sporting Life,https://www.sportinglife.com/greyhounds/racecards/2026-08-25/towcester/racecard/513657
2026-08-25,Towcester,19:16,4,Salacres Prodigy,513657,Sporting Life,https://www.sportinglife.com/greyhounds/racecards/2026-08-25/towcester/racecard/513657
2026-08-25,Towcester,19:16,6,Be More Ruthless,513657,Sporting Life,https://www.sportinglife.com/greyhounds/racecards/2026-08-25/towcester/racecard/513657
2026-08-25,Towcester,19:33,1,Slippy Debra,513658,Sporting Life,https://www.sportinglife.com/greyhounds/racecards/2026-08-25/towcester/racecard/513658
2026-08-25,Towcester,19:33,2,Salacres Select,513658,Sporting Life,https://www.sportinglife.com/greyhounds/racecards/2026-08-25/towcester/racecard/513658
2026-08-25,Towcester,19:33,3,Longcroft Ant,513658,Sporting Life,https://www.sportinglife.com/greyhounds/racecards/2026-08-25/towcester/racecard/513658
2026-08-25,Towcester,19:33,4,Moathouse Roman,513658,Sporting Life,https://www.sportinglife.com/greyhounds/racecards/2026-08-25/towcester/racecard/513658
2026-08-25,Towcester,19:33,5,Dairyland Jimmy,513658,Sporting Life,https://www.sportinglife.com/greyhounds/racecards/2026-08-25/towcester/racecard/513658
2026-08-25,Towcester,19:33,6,Jaz Style,513658,Sporting Life,https://www.sportinglife.com/greyhounds/racecards/2026-08-25/towcester/racecard/513658
2026-08-25,Towcester,19:49,1,Claim The Stars,513659,Sporting Life,https://www.sportinglife.com/greyhounds/racecards/2026-08-25/towcester/racecard/513659
2026-08-25,Towcester,19:49,2,Sals Minnie,513659,Sporting Life,https://www.sportinglife.com/greyhounds/racecards/2026-08-25/towcester/racecard/513659
2026-08-25,Towcester,19:49,3,Ballycleary Diva,513659,Sporting Life,https://www.sportinglife.com/greyhounds/racecards/2026-08-25/towcester/racecard/513659
2026-08-25,Towcester,19:49,4,Lamorna Lill Moo,513659,Sporting Life,https://www.sportinglife.com/greyhounds/racecards/2026-08-25/towcester/racecard/513659
2026-08-25,Towcester,19:49,5,Swift Year Long,513659,Sporting Life,https://www.sportinglife.com/greyhounds/racecards/2026-08-25/towcester/racecard/513659
2026-08-25,Towcester,19:49,6,Trapstyle Wee,513659,Sporting Life,https://www.sportinglife.com/greyhounds/racecards/2026-08-25/towcester/racecard/513659
2026-08-25,Towcester,20:07,1,Unknown Tulip,513660,Sporting Life,https://www.sportinglife.com/greyhounds/racecards/2026-08-25/towcester/racecard/513660
2026-08-25,Towcester,20:07,2,Melbury Galaxy,513660,Sporting Life,https://www.sportinglife.com/greyhounds/racecards/2026-08-25/towcester/racecard/513660
2026-08-25,Towcester,20:07,3,Hiya Salah,513660,Sporting Life,https://www.sportinglife.com/greyhounds/racecards/2026-08-25/towcester/racecard/513660
2026-08-25,Towcester,20:07,5,Moredramakirstie,513660,Sporting Life,https://www.sportinglife.com/greyhounds/racecards/2026-08-25/towcester/racecard/513660
2026-08-25,Towcester,20:07,6,Salacres Paige,513660,Sporting Life,https://www.sportinglife.com/greyhounds/racecards/2026-08-25/towcester/racecard/513660
2026-08-25,Towcester,20:24,1,Skilled Prince,513661,Sporting Life,https://www.sportinglife.com/greyhounds/racecards/2026-08-25/towcester/racecard/513661
2026-08-25,Towcester,20:24,2,Tomahawk,513661,Sporting Life,https://www.sportinglife.com/greyhounds/racecards/2026-08-25/towcester/racecard/513661
2026-08-25,Towcester,20:24,3,Black Serpent,513661,Sporting Life,https://www.sportinglife.com/greyhounds/racecards/2026-08-25/towcester/racecard/513661
2026-08-25,Towcester,20:24,4,Salacres Nando,513661,Sporting Life,https://www.sportinglife.com/greyhounds/racecards/2026-08-25/towcester/racecard/513661
2026-08-25,Towcester,20:24,6,Unknown Fever,513661,Sporting Life,https://www.sportinglife.com/greyhounds/racecards/2026-08-25/towcester/racecard/513661
2026-08-25,Towcester,20:41,1,Goul River,513662,Sporting Life,https://www.sportinglife.com/greyhounds/racecards/2026-08-25/towcester/racecard/513662
2026-08-25,Towcester,20:41,2,Blitz Hurricane,513662,Sporting Life,https://www.sportinglife.com/greyhounds/racecards/2026-08-25/towcester/racecard/513662
2026-08-25,Towcester,20:41,3,Gurtnacrehy Noah,513662,Sporting Life,https://www.sportinglife.com/greyhounds/racecards/2026-08-25/towcester/racecard/513662
2026-08-25,Towcester,20:41,4,Passau,513662,Sporting Life,https://www.sportinglife.com/greyhounds/racecards/2026-08-25/towcester/racecard/513662
2026-08-25,Towcester,20:41,5,Bossy Bullet,513662,Sporting Life,https://www.sportinglife.com/greyhounds/racecards/2026-08-25/towcester/racecard/513662
2026-08-25,Towcester,20:41,6,Deerland Flyer,513662,Sporting Life,https://www.sportinglife.com/greyhounds/racecards/2026-08-25/towcester/racecard/513662
2026-08-25,Towcester,20:59,1,Salacres Frankie,513663,Sporting Life,https://www.sportinglife.com/greyhounds/racecards/2026-08-25/towcester/racecard/513663
2026-08-25,Towcester,20:59,2,Longcroft Prince,513663,Sporting Life,https://www.sportinglife.com/greyhounds/racecards/2026-08-25/towcester/racecard/513663
2026-08-25,Towcester,20:59,3,Girl From Golden,513663,Sporting Life,https://www.sportinglife.com/greyhounds/racecards/2026-08-25/towcester/racecard/513663
2026-08-25,Towcester,20:59,4,Tromora Bonnie,513663,Sporting Life,https://www.sportinglife.com/greyhounds/racecards/2026-08-25/towcester/racecard/513663
2026-08-25,Towcester,20:59,5,Mums Image,513663,Sporting Life,https://www.sportinglife.com/greyhounds/racecards/2026-08-25/towcester/racecard/513663
2026-08-25,Towcester,20:59,6,Kranky Katie,513663,Sporting Life,https://www.sportinglife.com/greyhounds/racecards/2026-08-25/towcester/racecard/513663
2026-08-25,Towcester,21:16,1,Choices Bev,513664,Sporting Life,https://www.sportinglife.com/greyhounds/racecards/2026-08-25/towcester/racecard/513664
2026-08-25,Towcester,21:16,2,Salacres Luigi,513664,Sporting Life,https://www.sportinglife.com/greyhounds/racecards/2026-08-25/towcester/racecard/513664
2026-08-25,Towcester,21:16,3,Fabulous Miley,513664,Sporting Life,https://www.sportinglife.com/greyhounds/racecards/2026-08-25/towcester/racecard/513664
2026-08-25,Towcester,21:16,4,Fabulous Tamiko,513664,Sporting Life,https://www.sportinglife.com/greyhounds/racecards/2026-08-25/towcester/racecard/513664
2026-08-25,Towcester,21:16,5,Amys Gem,513664,Sporting Life,https://www.sportinglife.com/greyhounds/racecards/2026-08-25/towcester/racecard/513664
2026-08-25,Towcester,21:16,6,Trapstyle Henrik,513664,Sporting Life,https://www.sportinglife.com/greyhounds/racecards/2026-08-25/towcester/racecard/513664
2026-08-25,Valley,13:49,1,Enchanted Blaze,513641,Sporting Life,https://www.sportinglife.com/greyhounds/racecards/2026-08-25/valley/racecard/513641
2026-08-25,Valley,13:49,2,Mylerstown Sage,513641,Sporting Life,https://www.sportinglife.com/greyhounds/racecards/2026-08-25/valley/racecard/513641
2026-08-25,Valley,13:49,3,Coolree Blue,513641,Sporting Life,https://www.sportinglife.com/greyhounds/racecards/2026-08-25/valley/racecard/513641
2026-08-25,Valley,13:49,4,Trionas Destiny,513641,Sporting Life,https://www.sportinglife.com/greyhounds/racecards/2026-08-25/valley/racecard/513641
2026-08-25,Valley,13:49,5,Dry Morning,513641,Sporting Life,https://www.sportinglife.com/greyhounds/racecards/2026-08-25/valley/racecard/513641
2026-08-25,Valley,14:08,1,Ashway Diva,513642,Sporting Life,https://www.sportinglife.com/greyhounds/racecards/2026-08-25/valley/racecard/513642
2026-08-25,Valley,14:08,2,Ballyroe Buckeye,513642,Sporting Life,https://www.sportinglife.com/greyhounds/racecards/2026-08-25/valley/racecard/513642
2026-08-25,Valley,14:08,3,Optic Bucks,513642,Sporting Life,https://www.sportinglife.com/greyhounds/racecards/2026-08-25/valley/racecard/513642
2026-08-25,Valley,14:08,4,Trump World,513642,Sporting Life,https://www.sportinglife.com/greyhounds/racecards/2026-08-25/valley/racecard/513642
2026-08-25,Valley,14:08,5,Choctawhatate,513642,Sporting Life,https://www.sportinglife.com/greyhounds/racecards/2026-08-25/valley/racecard/513642
2026-08-25,Valley,14:08,6,Swift Backround,513642,Sporting Life,https://www.sportinglife.com/greyhounds/racecards/2026-08-25/valley/racecard/513642
2026-08-25,Valley,14:26,1,Burkos Bonnie,513643,Sporting Life,https://www.sportinglife.com/greyhounds/racecards/2026-08-25/valley/racecard/513643
2026-08-25,Valley,14:26,2,Scotrath Buck,513643,Sporting Life,https://www.sportinglife.com/greyhounds/racecards/2026-08-25/valley/racecard/513643
2026-08-25,Valley,14:26,3,Amiganwhitenose,513643,Sporting Life,https://www.sportinglife.com/greyhounds/racecards/2026-08-25/valley/racecard/513643
2026-08-25,Valley,14:26,4,Hawkfield Zoom,513643,Sporting Life,https://www.sportinglife.com/greyhounds/racecards/2026-08-25/valley/racecard/513643
2026-08-25,Valley,14:26,5,Coillbhui Catchy,513643,Sporting Life,https://www.sportinglife.com/greyhounds/racecards/2026-08-25/valley/racecard/513643
2026-08-25,Valley,14:44,1,Billis Sniper,513644,Sporting Life,https://www.sportinglife.com/greyhounds/racecards/2026-08-25/valley/racecard/513644
2026-08-25,Valley,14:44,2,Ashway Dolly,513644,Sporting Life,https://www.sportinglife.com/greyhounds/racecards/2026-08-25/valley/racecard/513644
2026-08-25,Valley,14:44,3,Waittillwesee,513644,Sporting Life,https://www.sportinglife.com/greyhounds/racecards/2026-08-25/valley/racecard/513644
2026-08-25,Valley,14:44,4,Arrigle Buster,513644,Sporting Life,https://www.sportinglife.com/greyhounds/racecards/2026-08-25/valley/racecard/513644
2026-08-25,Valley,14:44,5,Chesters Boy,513644,Sporting Life,https://www.sportinglife.com/greyhounds/racecards/2026-08-25/valley/racecard/513644
2026-08-25,Valley,14:44,6,Shanbally Blues,513644,Sporting Life,https://www.sportinglife.com/greyhounds/racecards/2026-08-25/valley/racecard/513644
2026-08-25,Valley,15:03,1,Geneva Josie,513645,Sporting Life,https://www.sportinglife.com/greyhounds/racecards/2026-08-25/valley/racecard/513645
2026-08-25,Valley,15:03,2,Cailin Saoirse,513645,Sporting Life,https://www.sportinglife.com/greyhounds/racecards/2026-08-25/valley/racecard/513645
2026-08-25,Valley,15:03,3,Cill Dubh Minnie,513645,Sporting Life,https://www.sportinglife.com/greyhounds/racecards/2026-08-25/valley/racecard/513645
2026-08-25,Valley,15:03,4,Comer Sue,513645,Sporting Life,https://www.sportinglife.com/greyhounds/racecards/2026-08-25/valley/racecard/513645
2026-08-25,Valley,15:03,5,Not To Worrie,513645,Sporting Life,https://www.sportinglife.com/greyhounds/racecards/2026-08-25/valley/racecard/513645
2026-08-25,Valley,15:22,1,Ballinabola Phil,513646,Sporting Life,https://www.sportinglife.com/greyhounds/racecards/2026-08-25/valley/racecard/513646
2026-08-25,Valley,15:22,2,Missouri,513646,Sporting Life,https://www.sportinglife.com/greyhounds/racecards/2026-08-25/valley/racecard/513646
2026-08-25,Valley,15:22,4,Pure Panfila,513646,Sporting Life,https://www.sportinglife.com/greyhounds/racecards/2026-08-25/valley/racecard/513646
2026-08-25,Valley,15:22,5,Mohican Ramsey,513646,Sporting Life,https://www.sportinglife.com/greyhounds/racecards/2026-08-25/valley/racecard/513646
2026-08-25,Valley,15:22,6,Memories Clash,513646,Sporting Life,https://www.sportinglife.com/greyhounds/racecards/2026-08-25/valley/racecard/513646
2026-08-25,Valley,15:41,1,Daisy Doo,513647,Sporting Life,https://www.sportinglife.com/greyhounds/racecards/2026-08-25/valley/racecard/513647
2026-08-25,Valley,15:41,2,Crokers Lisa,513647,Sporting Life,https://www.sportinglife.com/greyhounds/racecards/2026-08-25/valley/racecard/513647
2026-08-25,Valley,15:41,3,Cefn Osian,513647,Sporting Life,https://www.sportinglife.com/greyhounds/racecards/2026-08-25/valley/racecard/513647
2026-08-25,Valley,15:41,4,Rollerball,513647,Sporting Life,https://www.sportinglife.com/greyhounds/racecards/2026-08-25/valley/racecard/513647
2026-08-25,Valley,15:41,5,Spread The Glory,513647,Sporting Life,https://www.sportinglife.com/greyhounds/racecards/2026-08-25/valley/racecard/513647
2026-08-25,Valley,15:41,6,Ballyhealy Zip,513647,Sporting Life,https://www.sportinglife.com/greyhounds/racecards/2026-08-25/valley/racecard/513647
2026-08-25,Valley,15:59,1,Grovenor Anna,513648,Sporting Life,https://www.sportinglife.com/greyhounds/racecards/2026-08-25/valley/racecard/513648
2026-08-25,Valley,15:59,2,Droopys Nijinsky,513648,Sporting Life,https://www.sportinglife.com/greyhounds/racecards/2026-08-25/valley/racecard/513648
2026-08-25,Valley,15:59,3,Bells Babe,513648,Sporting Life,https://www.sportinglife.com/greyhounds/racecards/2026-08-25/valley/racecard/513648
2026-08-25,Valley,15:59,4,Sudden Bolt,513648,Sporting Life,https://www.sportinglife.com/greyhounds/racecards/2026-08-25/valley/racecard/513648
2026-08-25,Valley,15:59,5,Bluejig Bobby,513648,Sporting Life,https://www.sportinglife.com/greyhounds/racecards/2026-08-25/valley/racecard/513648
2026-08-25,Valley,15:59,6,Glengar Isla,513648,Sporting Life,https://www.sportinglife.com/greyhounds/racecards/2026-08-25/valley/racecard/513648
2026-08-25,Valley,16:18,1,Cathals Rock,513649,Sporting Life,https://www.sportinglife.com/greyhounds/racecards/2026-08-25/valley/racecard/513649
2026-08-25,Valley,16:18,2,Back Ofthe Net,513649,Sporting Life,https://www.sportinglife.com/greyhounds/racecards/2026-08-25/valley/racecard/513649
2026-08-25,Valley,16:18,3,Crokers Sun,513649,Sporting Life,https://www.sportinglife.com/greyhounds/racecards/2026-08-25/valley/racecard/513649
2026-08-25,Valley,16:18,4,Mynydd Frank,513649,Sporting Life,https://www.sportinglife.com/greyhounds/racecards/2026-08-25/valley/racecard/513649
2026-08-25,Valley,16:18,5,Ashway Blastoff,513649,Sporting Life,https://www.sportinglife.com/greyhounds/racecards/2026-08-25/valley/racecard/513649
2026-08-25,Valley,16:18,6,Vanessas Tiger,513649,Sporting Life,https://www.sportinglife.com/greyhounds/racecards/2026-08-25/valley/racecard/513649
2026-08-25,Valley,16:37,1,Ardmayle Topaz,513650,Sporting Life,https://www.sportinglife.com/greyhounds/racecards/2026-08-25/valley/racecard/513650
2026-08-25,Valley,16:37,2,Mongys Sydney,513650,Sporting Life,https://www.sportinglife.com/greyhounds/racecards/2026-08-25/valley/racecard/513650
2026-08-25,Valley,16:37,3,Imgoodiam,513650,Sporting Life,https://www.sportinglife.com/greyhounds/racecards/2026-08-25/valley/racecard/513650
2026-08-25,Valley,16:37,4,Chadwell Emra,513650,Sporting Life,https://www.sportinglife.com/greyhounds/racecards/2026-08-25/valley/racecard/513650
2026-08-25,Valley,16:37,5,Kansas City Life,513650,Sporting Life,https://www.sportinglife.com/greyhounds/racecards/2026-08-25/valley/racecard/513650
2026-08-25,Valley,16:37,6,Hawkfield Beebee,513650,Sporting Life,https://www.sportinglife.com/greyhounds/racecards/2026-08-25/valley/racecard/513650
2026-08-25,Valley,16:56,1,Furry Neck,513651,Sporting Life,https://www.sportinglife.com/greyhounds/racecards/2026-08-25/valley/racecard/513651
2026-08-25,Valley,16:56,2,Dels Grace,513651,Sporting Life,https://www.sportinglife.com/greyhounds/racecards/2026-08-25/valley/racecard/513651
2026-08-25,Valley,16:56,4,Hawkfield Magic,513651,Sporting Life,https://www.sportinglife.com/greyhounds/racecards/2026-08-25/valley/racecard/513651
2026-08-25,Valley,16:56,5,Rollover Lucy,513651,Sporting Life,https://www.sportinglife.com/greyhounds/racecards/2026-08-25/valley/racecard/513651
2026-08-25,Valley,16:56,6,Wet Morning,513651,Sporting Life,https://www.sportinglife.com/greyhounds/racecards/2026-08-25/valley/racecard/513651
2026-08-25,Valley,17:14,1,Indian Night,513652,Sporting Life,https://www.sportinglife.com/greyhounds/racecards/2026-08-25/valley/racecard/513652
2026-08-25,Valley,17:14,2,Hawkfield Nina,513652,Sporting Life,https://www.sportinglife.com/greyhounds/racecards/2026-08-25/valley/racecard/513652
2026-08-25,Valley,17:14,3,One Sizzler,513652,Sporting Life,https://www.sportinglife.com/greyhounds/racecards/2026-08-25/valley/racecard/513652
2026-08-25,Valley,17:14,4,Flomur Smokie,513652,Sporting Life,https://www.sportinglife.com/greyhounds/racecards/2026-08-25/valley/racecard/513652
2026-08-25,Valley,17:14,5,Tagalong Bucko,513652,Sporting Life,https://www.sportinglife.com/greyhounds/racecards/2026-08-25/valley/racecard/513652
