Date,Track,RaceTime,RaceID,RaceURL,Distance,Grade,AnalystVerdict1,AnalystVerdict2,AnalystVerdict3,AnalystNarrative,BettingForecast,SmartStats,Status,Issues
2026-08-26,Doncaster,14:33,1398234,https://www.timeform.com/greyhound-racing/racecards/doncaster/1433/2026-08-26/1398234,450m,B5,Savana Sandy,Cockney King Kev,Calgray Flyer,Savana Sandy is in a good run of form and is up to winning this. Cockney King Kev looks destined for second place.,"4/9 Savana Sandy, 11/4 Cockney King Kev, 4/1 Calgray Flyer, 7/1 Easy Chloe, 10/1 Grouchos Eubank",SAVANA SANDY Savana Sandy has finished in the first two in 51.72% of races from this trap. Bet →,COMPLETE,
2026-08-26,Doncaster,14:52,1398235,https://www.timeform.com/greyhound-racing/racecards/doncaster/1452/2026-08-26/1398235,275m,D3,Avongate Queen,Easy Stump,Shanahee Brian,Avongate Queen is probably the safest recommendation but could need a clear passage to come home in front. Shanahee Brian looks the likeliest to finish second.,"5/2 Avongate Queen, 5/2 Shanahee Brian, 100/30 Easy Stump, 7/2 Cockneys Zeus, 9/2 Cockneyokoronkwo",SHANAHEE BRIAN Shanahee Brian has won 90% of races if in front at the third bend. Bet →,COMPLETE,
2026-08-26,Doncaster,15:11,1398236,https://www.timeform.com/greyhound-racing/racecards/doncaster/1511/2026-08-26/1398236,275m,D2,Jazza Rooney,Cockneyalfitness,Heathmill Barron,Jazza Rooney has a decent chance on the clock and could well make all the running. Cockneyalfitness can come out best of the remainder.,"5/4 Jazza Rooney, 100/30 Manx Saskia, 4/1 Heathmill Barron, 4/1 Cockneyalfitness, 15/2 Jimelle",HEATHMILL BARRON Heathmill Barron has won only 47.62% of races after leading at the fourth bend. Bet →,COMPLETE,
2026-08-26,Doncaster,15:29,1398237,https://www.timeform.com/greyhound-racing/racecards/doncaster/1529/2026-08-26/1398237,275m,D2,Jazza Lila,Kalukis Gamble,Anchor Banken,Jazza Lila looks marginally the pick of these but might have to depend on luck in running. Kalukis Gamble looks destined for second place.,"13/8 Jazza Lila, 3/1 Anchor Banken, 3/1 Kalukis Gamble, 9/2 Dellser Paidi, 5/1 Easy Kite",EASY KITE Easy Kite has finished in the first two in 58.06% of races from this trap. Bet →,COMPLETE,
2026-08-26,Doncaster,15:49,1398238,https://www.timeform.com/greyhound-racing/racecards/doncaster/1549/2026-08-26/1398238,450m,B2,Abigails Marina,Keady Cashout,Rossa Kali,Abigails Marina is running very well right now as several recent efforts indicate and sets the standard. Keady Cashout won't be too far behind.,"13/8 Keady Cashout, 9/4 Abigails Marina, 7/2 Rossa Kali, 5/1 Busy Cailin, 5/1 Keady Storm",ABIGAILS MARINA Abigails Marina has run to form in 6 of its last 10 races in last 60 days. Bet →,COMPLETE,
2026-08-26,Doncaster,16:07,1398239,https://www.timeform.com/greyhound-racing/racecards/doncaster/1607/2026-08-26/1398239,275m,D4,Grouchos Gail,Creative Way,Skirk Mia,Grouchos Gail has been running well and is just about the pick in this field. Skirk Mia ought to go close as well.,"5/2 Skirk Mia, 3/1 Creative Way, 7/2 Grouchos Gail, 9/2 Savana Trike, 5/1 Diegos Talavara, 10/1 Ballinabola Mini",SAVANA TRIKE Savana Trike has won all its races if in front at the fourth bend. Bet →,COMPLETE,
2026-08-26,Doncaster,16:26,1398240,https://www.timeform.com/greyhound-racing/racecards/doncaster/1626/2026-08-26/1398240,275m,D3,Cockneys Elsa,Late Lola,Cascade Electra,Cockneys Elsa has recorded some excellent efforts in recent races and has strong claims. Late Lola is the pick of the others.,"7/4 Late Lola, 2/1 Cockneys Elsa, 7/2 Ballymac Hanson, 5/1 Cascade Electra, 6/1 Cockney Tan",LATE LOLA Late Lola has won only 41.86% of races after leading at the third bend. Bet →,COMPLETE,
2026-08-26,Doncaster,16:44,1398241,https://www.timeform.com/greyhound-racing/racecards/doncaster/1644/2026-08-26/1398241,275m,D3,Miss Mini Lulu,Railteen Sarah,Sparta Knight,Miss Mini Lulu looks marginally the pick in this field but is likely to need to stay out of trouble. Railteen Sarah can pick up minor honours.,"1/2 Railteen Sarah, 3/1 Miss Mini Lulu, 5/1 Sparta Knight, 13/2 Abigails Sunny, 19/2 Savana Brendo",ABIGAILS SUNNY Abigails Sunny has won only 18.18% of races after leading at the first bend. Bet →,COMPLETE,
2026-08-26,Dunstall Park,18:08,1397976,https://www.timeform.com/greyhound-racing/racecards/dunstall-park/1808/2026-08-26/1397976,480m,A5,Racecourse Pluto,Distant Pablo,Mid Tipp Goose,Racecourse Pluto is the selection thanks to several good recent efforts and will be hard to beat. Distant Pablo looks second best in this contest.,"7/4 Racecourse Pluto, 3/1 Mid Tipp Goose, 100/30 Distant Pablo, 5/1 Sparta Bell, 6/1 Cockney Marvel",SPARTA BELL Sparta Bell has won only 60% of races after leading at the third bend. Bet →,COMPLETE,
2026-08-26,Dunstall Park,18:26,1397977,https://www.timeform.com/greyhound-racing/racecards/dunstall-park/1826/2026-08-26/1397977,480m,A2,Lynnia Da Devil,Headford Killian,Marvellous News,Lynnia Da Devil is in great heart as recent clockings indicate and is the one to catch. Headford Killian can pick up the leftovers.,"11/4 Lynnia Da Devil, 7/2 Marvellous News, 9/2 Headford Killian, 5/1 Antigua Lumiere, 11/2 Brosna Cash, 6/1 Mr Gaffney",BROSNA CASH Brosna Cash has won 7.14% of races despite being in the last pair at the fourth bend. Bet →,COMPLETE,
2026-08-26,Dunstall Park,18:42,1397978,https://www.timeform.com/greyhound-racing/racecards/dunstall-park/1842/2026-08-26/1397978,270m,D3,Showemyourtail,Barnagrane Ed,Tinnaban Taylor,Showemyourtail has been hard to fault in recent outings and has leading claims. Barnagrane Ed is likely also to go close.,"100/30 Barnagrane Ed, 7/2 Ashtons Georgie, 4/1 Showemyourtail, 9/2 Buda Tom, 9/2 Tinnaban Taylor, 6/1 Shortwood Model",ASHTONS GEORGIE Ashtons Georgie has won only 33.33% of races after leading at the first bend. Bet →,COMPLETE,
2026-08-26,Dunstall Park,18:59,1397979,https://www.timeform.com/greyhound-racing/racecards/dunstall-park/1859/2026-08-26/1397979,480m,A4,Skin Fade,Hello Mate,Southwind Ned,Skin Fade continues to run operate somewhere near current peak and has fair claims. Hello Mate is a contender too.,"7/2 Skin Fade, 7/2 Devilgate Joe, 4/1 Hello Mate, 4/1 Southwind Ned, 4/1 Swift Wag, 13/2 Inclementweather",SKIN FADE Skin Fade has won all its races if in front at the fourth bend. Bet →,COMPLETE,
2026-08-26,Dunstall Park,19:16,1397980,https://www.timeform.com/greyhound-racing/racecards/dunstall-park/1916/2026-08-26/1397980,270m,D4,Swift Udell,Tantalising Jess,Headford Wizard,Swift Udell looks marginally the best of these but is likely to need to put in a trouble-free round. Tantalising Jess has the best prospects of the remainder.,"11/4 Swift Udell, 3/1 Headford Wizard, 3/1 Tantalising Jess, 7/2 Deecee Dusty, 8/1 Slow Joe, 9/1 Mahoonagh Finn",DEECEE DUSTY Deecee Dusty has won only 55.56% of races after leading at the fourth bend. Bet →,COMPLETE,
2026-08-26,Dunstall Park,19:33,1397981,https://www.timeform.com/greyhound-racing/racecards/dunstall-park/1933/2026-08-26/1397981,480m,A3,Kingdom Bucks,Lynnia Queen,False Warrior,Kingdom Bucks could scarcely be running any better right now and has claims second to none. Lynnia Queen can't hope for much better than second.,"3/1 Kingdom Bucks, 4/1 Lynnia Queen, 4/1 Breezer, 9/2 False Warrior, 9/2 Wicky Bucko, 11/2 Coalville Clover",KINGDOM BUCKS Kingdom Bucks has won only 63.64% of races after leading at the fourth bend. Bet →,COMPLETE,
2026-08-26,Dunstall Park,19:49,1397982,https://www.timeform.com/greyhound-racing/racecards/dunstall-park/1949/2026-08-26/1397982,480m,A5,Mohican Hallie,Soap Box Heads,Ballymac Elijah,Mohican Hallie is operating at a solid level lately and sets a fair standard. Soap Box Heads won't be far away at the line too.,"7/4 Mohican Hallie, 2/1 Soap Box Heads, 100/30 Ballymac Elijah, 5/1 Moyar Hill, 6/1 Angels Oakley",MOHICAN HALLIE Mohican Hallie has won only 42.86% of races after leading at the third bend. Bet →,COMPLETE,
2026-08-26,Dunstall Park,20:07,1397983,https://www.timeform.com/greyhound-racing/racecards/dunstall-park/2007/2026-08-26/1397983,270m,D3,Distant Grace,Ma Baker,Klassical Mia,Distant Grace is at the top of its game right now and is going to be hard to reel in. Ma Baker appeals most of the rest.,"5/2 Distant Grace, 3/1 Ma Baker, 9/2 Klassical Mia, 5/1 Swift Filippa, 11/2 Flyhigh Birdseye, 7/1 Vixons Samba",KLASSICAL MIA Klassical Mia has won only 50% of races after leading at the third bend. Bet →,COMPLETE,
2026-08-26,Dunstall Park,20:24,1397984,https://www.timeform.com/greyhound-racing/racecards/dunstall-park/2024/2026-08-26/1397984,480m,A7,Lynnia Trubbys,Mercia Brida,Ridgedale Zuni,Lynnia Trubbys has run plenty of good races recently and is the one they all have to beat. Mercia Brida can pick up the pieces.,"15/8 Lynnia Trubbys, 7/2 Ridgedale Zuni, 4/1 Mercia Brida, 11/2 Ballinulty Cas, 6/1 Taffy Gwenllian, 19/2 Brosna Pine",BROSNA PINE R Williams has a 29.17% winning strike rate in the last 7 days. Bet →,COMPLETE,
2026-08-26,Dunstall Park,20:41,1397985,https://www.timeform.com/greyhound-racing/racecards/dunstall-park/2041/2026-08-26/1397985,270m,D3,Burrows Ace,Lightfoot Angel,Moanteen Molly,Burrows Ace is in great form right now as recent efforts indicate and is the one they all have to beat. Lightfoot Angel has the best prospects of the others.,"2/1 Burrows Ace, 11/4 Lightfoot Angel, 7/2 Moanteen Molly, 9/2 Bannan Dubhg, 11/2 Ballygur Holly, 16/1 Hilldun Grip",LIGHTFOOT ANGEL Lightfoot Angel has won all its races if in front at the fourth bend. Bet →,COMPLETE,
2026-08-26,Dunstall Park,20:59,1397986,https://www.timeform.com/greyhound-racing/racecards/dunstall-park/2059/2026-08-26/1397986,480m,A8,Listen Angie,Swift Elm,Roanna Dizzy,Listen Angie has been hard to fault in recent races and has leading claims. Swift Elm is likely to be in the mix too.,"11/10 Swift Elm, 11/4 Listen Angie, 5/1 Roanna Dizzy, 11/2 Ashtons Rosalina, 8/1 Crokers Java, 18/1 Rathsilla Gizmo",SWIFT ELM Swift Elm has finished in the first two in 50% of races from this class. Bet →,COMPLETE,
2026-08-26,Dunstall Park,21:16,1397987,https://www.timeform.com/greyhound-racing/racecards/dunstall-park/2116/2026-08-26/1397987,480m,A6,Keepers Nutty,Swift Waitress,Moyar Gossip,Keepers Nutty's recent efforts have been likeable in general and should give backers a good run for their money. Swift Waitress looks best poised to take advantage if the selection goes awol.,"13/8 Keepers Nutty, 3/1 Swift Waitress, 4/1 Moyar Gossip, 11/2 Swift Olympia, 15/2 Edial Tony, 10/1 Blazeaway Tee",MOYAR GOSSIP Moyar Gossip has won only 44.44% of races after leading at the third bend. Bet →,COMPLETE,
2026-08-26,Harlow,10:32,1397736,https://www.timeform.com/greyhound-racing/racecards/harlow/1032/2026-08-26/1397736,415m,A7,Rosstemple Cody,Comer Canal,Moaning Medow,Rosstemple Cody is running well enough to merit close consideration but could need a clear passage to come home in front. Comer Canal seems sure to go well.,"5/2 Rosstemple Cody, 3/1 Comer Canal, 7/2 Moaning Medow, 11/2 Rathbally Bolger, 11/2 Olwinn Jackson, 15/2 Savourtheflavour",MOANING MEDOW Moaning Medow has the time to be at least 1 length behind at the sectional point. Bet →,COMPLETE,
2026-08-26,Harlow,10:48,1397737,https://www.timeform.com/greyhound-racing/racecards/harlow/1048/2026-08-26/1397737,238m,D5,Simply Perfect,Cofam Tiger,Market,Simply Perfect looks marginally the best of these but is likely to need to put in a trouble-free round. Market has the best prospects of the others.,"11/8 Simply Perfect, 5/2 Market, 4/1 Cofam Tiger, 11/2 Black Gem, 10/1 Skidrow Jake, 10/1 Makeit Force",SIMPLY PERFECT Simply Perfect has won only 50% of races after leading at the third bend. Bet →,COMPLETE,
2026-08-26,Harlow,11:04,1397738,https://www.timeform.com/greyhound-racing/racecards/harlow/1104/2026-08-26/1397738,415m,A6,Browns Barbie,Burkos Destiny,Moaning Monster,Browns Barbie looks marginally the pick in this field but is likely to need to put in a trouble-free run. Moaning Monster can pick up the remnants.,"11/5 Browns Barbie, 9/4 Moaning Monster, 3/1 Burkos Destiny, 7/2 Moaning Dior, 15/2 Cofam Girl",COFAM GIRL Cofam Girl has won 8.33% of races despite being in the last pair at the third bend. Bet →,COMPLETE,
2026-08-26,Harlow,11:21,1397739,https://www.timeform.com/greyhound-racing/racecards/harlow/1121/2026-08-26/1397739,238m,D4,Darver Casemiro,Townsend Bruno,Moaning Taylor,Darver Casemiro is proving consistent and sets a fair standard. Townsend Bruno is one to consider for the forecast.,"7/4 Darver Casemiro, 7/2 Townsend Bruno, 7/2 Moaning Taylor, 6/1 Moaning Mccoist, 6/1 Jamaica Smiles, 10/1 Sine Nomine",DARVER CASEMIRO Darver Casemiro has finished in the first two in 51.47% of races from this class. Bet →,COMPLETE,
2026-08-26,Harlow,11:38,1397740,https://www.timeform.com/greyhound-racing/racecards/harlow/1138/2026-08-26/1397740,415m,A7,Pearseys Dasher,Moaning Countess,Scarlett Galaxy,Pearseys Dasher is fastest on expected final time and is best not judged on its last two runs. Scarlett Galaxy has the best prospects of the others.,"9/4 Moaning Countess, 11/4 Scarlett Galaxy, 7/2 Pearseys Dasher, 5/1 Budge Up, 5/1 Moaning Martini, 14/1 Fenview Taylor",Less than 10% of races over this course and distance are typically won by a dog in the last two places on the first bend. Bet →,COMPLETE,
2026-08-26,Harlow,11:54,1397741,https://www.timeform.com/greyhound-racing/racecards/harlow/1154/2026-08-26/1397741,238m,D5,Edgeofseventeen,Absconder,Mykindaguy,Edgeofseventeen has been operating at a good level lately and just about gets the nod in this line up. Absconder is up there on the shortlist too.,"9/4 Edgeofseventeen, 5/2 Absconder, 11/4 Mykindaguy, 13/2 Sallins Flyer, 15/2 Millview Bobby, 12/1 Hatmore Stockey",ABSCONDER Absconder has won only 14.29% of races after leading at the first bend. Bet →,COMPLETE,
2026-08-26,Harlow,12:12,1397742,https://www.timeform.com/greyhound-racing/racecards/harlow/1212/2026-08-26/1397742,415m,A6,Chadwell Opus,Heres Victoria,Double Errill,Chadwell Opus is running well enough to merit close consideration but could need a clear passage to run out the winner. Heres Victoria should also go close.,"7/4 Chadwell Opus, 11/4 Heres Victoria, 100/30 Double Errill, 7/2 Da Danna, 5/1 Moaning Allora",MOANING ALLORA D B Whitton has a 33.33% winning strike rate in the last 7 days. Bet →,COMPLETE,
2026-08-26,Harlow,12:29,1397743,https://www.timeform.com/greyhound-racing/racecards/harlow/1229/2026-08-26/1397743,238m,D3,Moaning Saliba,Tinks Jet,Moaning Mojito,Moaning Saliba has been running well and is just about the pick in this field. Tinks Jet ought to go close as well.,"13/8 Tinks Jet, 15/8 Moaning Saliba, 9/4 Moaning Mojito, 11/2 Glynnscross Blue, 16/1 Likeyoustoleit",MOANING MOJITO Moaning Mojito has won only 40% of races after leading at the second bend. Bet →,COMPLETE,
2026-08-26,Harlow,12:46,1397744,https://www.timeform.com/greyhound-racing/racecards/harlow/1246/2026-08-26/1397744,415m,A7,Tiermana Sally,Moaning Gamble,Lye In Wait,Tiermana Sally has generally been running well and is just about the pick in this field. Lye In Wait seems sure to go well.,"9/4 Tiermana Sally, 9/4 Moaning Gamble, 5/2 Lye In Wait, 100/30 Salems Mickey, 17/2 Ravenswood Blake",RAVENSWOOD BLAKE Ravenswood Blake has the time to be at least 3 or more lengths behind at the sectional point. Bet →,COMPLETE,
2026-08-26,Harlow,13:03,1397745,https://www.timeform.com/greyhound-racing/racecards/harlow/1303/2026-08-26/1397745,238m,D5,Catunda Remi,Blastoff Bailly,Essjay Ceearejay,Catunda Remi edges it on the clock and can be excused its last two runs. Blastoff Bailly can emerge best of the remainder.,"5/2 Blastoff Bailly, 7/2 Catunda Remi, 9/2 Ballintine Ten, 9/2 Essjay Ceearejay, 11/2 Brindle Bomber, 15/2 Rathmeehan Lyra",RATHMEEHAN LYRA Rathmeehan Lyra has won only 40% of races after leading at the second bend. Bet →,COMPLETE,
2026-08-26,Harlow,13:19,1397746,https://www.timeform.com/greyhound-racing/racecards/harlow/1319/2026-08-26/1397746,415m,A6,Valley Rockstar,Fairhill Autumn,Gothic Queen,Valley Rockstar is in decent form right now and looks the one they all have to beat. Fairhill Autumn won't be far away.,"2/1 Valley Rockstar, 100/30 Fairhill Autumn, 100/30 Gothic Queen, 100/30 Catunda Harrison, 4/1 Hollywell Orchid",VALLEY ROCKSTAR Valley Rockstar has finished in the first two in 66.67% of races from this class. Bet →,COMPLETE,
2026-08-26,Harlow,13:37,1397747,https://www.timeform.com/greyhound-racing/racecards/harlow/1337/2026-08-26/1397747,238m,D4,Moaning Mai Tai,Essjay Syd,Blackheath Charm,Moaning Mai Tai looks to have marginally the best credentials but might well need a clear run to oblige. Essjay Syd is likely to be close up as well.,"15/8 Moaning Mai Tai, 5/2 Blackheath Charm, 3/1 Essjay Syd, 3/1 More Firepower, 10/1 Tickets King",ESSJAY SYD Essjay Syd has finished in the first two in 51.67% of races from this trap. Bet →,COMPLETE,
2026-08-26,Harlow,13:54,1397748,https://www.timeform.com/greyhound-racing/racecards/harlow/1354/2026-08-26/1397748,415m,A7,Front Boo,Foxrock Buddy,Brandywell King,Front Boo is operating at a good level lately and seems likely to take the beating. Foxrock Buddy won't be far away either.,"2/1 Front Boo, 2/1 Brandywell King, 4/1 Foxrock Buddy, 13/2 Brynoffa Jill, 8/1 Speedy Gene, 17/2 Divine Rule",SPEEDY GENE Speedy Gene has the time to be at least 3 or more lengths behind at the sectional point. Bet →,COMPLETE,
2026-08-26,Harlow,14:11,1397749,https://www.timeform.com/greyhound-racing/racecards/harlow/1411/2026-08-26/1397749,238m,D5,Lemon Beaufort,Olwinn Pest,Alfies Jet,Lemon Beaufort is running well enough to take this but has little room for error. Olwinn Pest should give a good account too.,"7/4 Lemon Beaufort, 4/1 Olwinn Pest, 4/1 Rathmeehan Judi, 5/1 Alfies Jet, 11/2 Old Bed Forrest, 13/2 Lilliput",LILLIPUT Lilliput has won 75% of races if in front at the first bend. Bet →,COMPLETE,
2026-08-26,Harlow,18:11,1398033,https://www.timeform.com/greyhound-racing/racecards/harlow/1811/2026-08-26/1398033,238m,D5,Maybe Later,Doreens Poppy,Savana Turtle,Maybe Later has been hard to fault in recent races and just about gets the nod in this company. Doreens Poppy is likely to be on the premises as well.,"5/2 Maybe Later, 4/1 Doreens Poppy, 4/1 Savana Turtle, 5/1 Savana Monica, 5/1 Keefill Coco, 15/2 Gothic Cheyenne",MAYBE LATER Maybe Later has won only 33.33% of races after leading at the third bend. Bet →,COMPLETE,
2026-08-26,Harlow,18:29,1398034,https://www.timeform.com/greyhound-racing/racecards/harlow/1829/2026-08-26/1398034,238m,D5,Kilgarran Des,Solo,Shortwood Ally,Kilgarran Des looks to have marginally the best credentials but might well need a clear passage to run out the winner. Shortwood Ally won't be far away at the line too.,"13/8 Solo, 3/1 Kilgarran Des, 100/30 Shortwood Ally, 100/30 Maeda, 7/1 Tasmanian Devil",TASMANIAN DEVIL P S Rea has a 25% winning strike rate in the last 7 days. Bet →,COMPLETE,
2026-08-26,Harlow,18:46,1398035,https://www.timeform.com/greyhound-racing/racecards/harlow/1846/2026-08-26/1398035,415m,A7,Savana Grandad,Lily Sixtyeight,Savana Beth,Savana Grandad continues in form and could be difficult to catch. Lily Sixtyeight can come out best of the remainder.,"13/8 Lily Sixtyeight, 100/30 Savana Grandad, 9/2 Hillcroft Mick, 6/1 Savana Beth, 15/2 Salems Blues, 15/2 Skirk Bolger",HILLCROFT MICK P S Rea has a 25% winning strike rate in the last 7 days. Bet →,COMPLETE,
2026-08-26,Harlow,19:04,1398036,https://www.timeform.com/greyhound-racing/racecards/harlow/1904/2026-08-26/1398036,238m,D4,Devil In A Dress,Yo Cashout,Savana Bueno,Devil In A Dress is running really well right now as evidenced by its most recent effort and is going to be hard to haul back. Yo Cashout seems only to have second to aim at.,"5/2 Devil In A Dress, 5/2 Yo Cashout, 5/2 Savana Bueno, 9/2 Aero Callie, 5/1 Outdoor Tunnes",OUTDOOR TUNNES Outdoor Tunnes has been a beaten favourite in 1 of its last 2 races in last 60 days. Bet →,COMPLETE,
2026-08-26,Harlow,19:24,1398037,https://www.timeform.com/greyhound-racing/racecards/harlow/1924/2026-08-26/1398037,415m,A7,Joyces Sadie,Savana Max,Nolas Bigfoot,Joyces Sadie is operating at a solid level lately and sets a fair standard. Savana Max won't be far away at the line too.,"2/1 Savana Max, 3/1 Joyces Sadie, 3/1 Keepers Notgrove, 100/30 Nolas Bigfoot, 5/1 Slipalong Don",SLIPALONG DON P S Rea has a 25% winning strike rate in the last 7 days. Bet →,COMPLETE,
2026-08-26,Harlow,19:42,1398038,https://www.timeform.com/greyhound-racing/racecards/harlow/1942/2026-08-26/1398038,238m,D5,Small But Speedy,Britbull Poppy,Savana Tir Nanog,Small But Speedy looks to have more or less the best credentials but might well need a clear run to score. Britbull Poppy is one to consider for the forecast.,"9/4 Britbull Poppy, 5/2 Small But Speedy, 3/1 Tyford Pet, 3/1 Savana Tir Nanog, 8/1 Brentfordforever",SAVANA TIR NANOG Savana Tir Nanog has won only 70% of races after leading at the fourth bend. Bet →,COMPLETE,
2026-08-26,Harlow,19:58,1398039,https://www.timeform.com/greyhound-racing/racecards/harlow/1958/2026-08-26/1398039,415m,A6,Up North,Deelish Mack,Savana Trigger,Up North continues to run operate somewhere near current peak and has fair claims. Savana Trigger is a contender too.,"5/2 Up North, 11/4 Savana Trigger, 4/1 Deelish Mack, 4/1 Triangle Trikari, 4/1 Canya Queue",UP NORTH Up North has the early speed to be at least 2 lengths clear at the sectional point. Bet →,COMPLETE,
2026-08-26,Harlow,20:16,1398040,https://www.timeform.com/greyhound-racing/racecards/harlow/2016/2026-08-26/1398040,238m,D4,Grouchos King,Mid Tipp Nancy,Alohas Comet,Grouchos King looks to have marginally the best claims but might well need a clear passage to come home in front. Mid Tipp Nancy will be on the premises too.,"15/8 Mid Tipp Nancy, 3/1 Grouchos King, 100/30 Shockwave Sekani, 100/30 Alohas Comet, 11/2 Savana Bridget",SAVANA BRIDGET Savana Bridget has won 90% of races if in front at the second bend. Bet →,COMPLETE,
2026-08-26,Harlow,20:34,1398041,https://www.timeform.com/greyhound-racing/racecards/harlow/2034/2026-08-26/1398041,415m,A7,Samrose Taylor,Townsend Margo,Townsend Abby,Samrose Taylor holds an advantage timewise and is going to be very tough to beat. Townsend Margo looks the likeliest to finish second.,"9/4 Samrose Taylor, 9/2 Townsend Margo, 9/2 Townsend Abby, 5/1 Estefans Tune, 5/1 Yo Ronnie Buster, 7/1 Yo Ranger",SAMROSE TAYLOR Samrose Taylor has finished in the first two in 12% of races from this trap. Bet →,COMPLETE,
2026-08-26,Harlow,20:52,1398042,https://www.timeform.com/greyhound-racing/racecards/harlow/2052/2026-08-26/1398042,238m,D5,Club Dream,Skidrow Maria,Signet Toofy,Club Dream looks to have marginally the best credentials but might well need a clear passage to run out the winner. Skidrow Maria won't be far away either.,"2/1 Signet Tia, 100/30 Skidrow Maria, 7/2 Signet Toofy, 7/2 Club Dream, 4/1 Savanalittlelegs",SIGNET TOOFY Signet Toofy has won only 23.68% of races after leading at the second bend. Bet →,COMPLETE,
2026-08-26,Harlow,21:09,1398043,https://www.timeform.com/greyhound-racing/racecards/harlow/2109/2026-08-26/1398043,415m,A7,Howsyerday Dolly,Derry Rebel,Savana Shady,Howsyerday Dolly has the best chance on expected final time and has been unlucky in running in last two races. Derry Rebel is likely to go close too.,"6/5 Howsyerday Dolly, 5/2 Derry Rebel, 100/30 Savana Shady, 4/1 Burgess Doireann, 8/1 Colrose Queen",COLROSE QUEEN Colrose Queen has the time to be at least 1 length behind at the sectional point. Bet →,COMPLETE,
2026-08-26,Harlow,21:26,1398044,https://www.timeform.com/greyhound-racing/racecards/harlow/2126/2026-08-26/1398044,238m,D5,Alohas Dream,Eire Queenie,My Bella Rose,Alohas Dream is running well enough to merit close consideration but could need a clear passage to come home in front. Eire Queenie seems sure to go well.,"13/8 Eire Queenie, 11/5 Alohas Dream, 4/1 My Bella Rose, 5/1 Old Fort Mickmac, 11/2 Savana Polly",SAVANA POLLY Savana Polly has won only 30% of races after leading at the first bend. Bet →,COMPLETE,
2026-08-26,Hove,14:23,1397988,https://www.timeform.com/greyhound-racing/racecards/hove/1423/2026-08-26/1397988,500m,A5,Romeo Havok,Clairekeith Dexi,Open Your Mind,Romeo Havok is up to taking this on the clock and should soon be out in front. Clairekeith Dexi can take advantage if the selection trips up.,"5/2 Romeo Havok, 7/2 Clairekeith Dexi, 7/2 Peroni Sarah, 5/1 Open Your Mind, 11/2 Burrows Sonic, 7/1 Pips Gamble",CLAIREKEITH DEXI Clairekeith Dexi has finished in the first two in 61.54% of races from this class. Bet →,COMPLETE,
2026-08-26,Hove,14:41,1397989,https://www.timeform.com/greyhound-racing/racecards/hove/1441/2026-08-26/1397989,285m,D3,Wedontdopanic,Homework Diary,Courty Ivy,Wedontdopanic is narrowly favoured all things considered but can't afford to run into trouble. Courty Ivy looks a clear second best.,"13/8 Courty Ivy, 5/2 Wedontdopanic, 7/2 Homework Diary, 6/1 Bluestar Beauty, 6/1 Never Let Go",COURTY IVY Courty Ivy has finished in the first two in 54.29% of races from this trap. Bet →,COMPLETE,
2026-08-26,Hove,15:01,1397990,https://www.timeform.com/greyhound-racing/racecards/hove/1501/2026-08-26/1397990,500m,A7,Sly Wolf,Coppice Frank,Im Justa Rarity,Sly Wolf has been operating at a solid level lately and is just about the pick in this company. Coppice Frank looks the likeliest runner-up.,"11/4 Im Justa Rarity, 3/1 Sly Wolf, 3/1 Coppice Frank, 100/30 We Are Leeds, 7/2 Bowles Bullet",BOWLES BULLET Bowles Bullet has won all its races if in front at the third bend. Bet →,COMPLETE,
2026-08-26,Hove,15:19,1397991,https://www.timeform.com/greyhound-racing/racecards/hove/1519/2026-08-26/1397991,500m,A4,Candolim Spice,Annadown Jacob,Slippy Queen,Candolim Spice continues in form and could be difficult to catch. Slippy Queen can come out best of the rest.,"11/8 Candolim Spice, 3/1 Annadown Jacob, 100/30 Slippy Queen, 13/2 Ballyhimikin Pat, 13/2 Spiritual Gift, 20/1 Fabulous Opera",FABULOUS OPERA A J Taylor has a 34.78% winning strike rate in the last 7 days. Bet →,COMPLETE,
2026-08-26,Hove,15:38,1397992,https://www.timeform.com/greyhound-racing/racecards/hove/1538/2026-08-26/1397992,500m,A3,Alanas Eske,Montalto Mist,Mertonaby Gigi,Alanas Eske has a decent chance on the clock and could well make all the running. Montalto Mist can beat the rest.,"9/4 Montalto Mist, 9/4 Alanas Eske, 7/2 Seomra Gobi, 4/1 Mertonaby Gigi, 4/1 Feora Cara",SEOMRA GOBI Seomra Gobi has won 33.33% of races despite being in the last pair at the first bend. Bet →,COMPLETE,
2026-08-26,Hove,15:57,1397993,https://www.timeform.com/greyhound-racing/racecards/hove/1557/2026-08-26/1397993,285m,D2,Small Boss,Highfield Lass,Montalto Star,Small Boss looks marginally the pick in this field but is likely to need to stay out of trouble. Highfield Lass can pick up the remnants.,"6/5 Small Boss, 100/30 Highfield Lass, 100/30 Montalto Star, 9/2 Irrelevent, 7/1 Bridies Show",HIGHFIELD LASS Highfield Lass has won only 33.33% of races after leading at the third bend. Bet →,COMPLETE,
2026-08-26,Hove,16:16,1397994,https://www.timeform.com/greyhound-racing/racecards/hove/1616/2026-08-26/1397994,500m,A3,Signet Ell,Yougo Jazz,Montalto Glory,Signet Ell is the selection thanks to several good recent runs and will be tough to beat. Yougo Jazz looks set to play the lead supporting role.,"5/2 Signet Ell, 5/2 Yougo Jazz, 11/4 Barbie Bullet, 4/1 Montalto Glory, 4/1 Candolim Getaway",BARBIE BULLET Barbie Bullet has won 17.39% of races despite being in the last pair at the first bend. Bet →,COMPLETE,
2026-08-26,Hove,16:34,1397995,https://www.timeform.com/greyhound-racing/racecards/hove/1634/2026-08-26/1397995,500m,A1,Vegan Warrior,Limestone Fizz,Letter Eileen,Vegan Warrior continues in form and could be difficult to catch. Limestone Fizz can beat the rest.,"5/2 Limestone Fizz, 5/2 Vegan Warrior, 100/30 Untold Aave, 7/2 Letter Eileen, 9/2 Sly Wobblebottom",LIMESTONE FIZZ Limestone Fizz has won only 32.35% of races after leading at the third bend. Bet →,COMPLETE,
2026-08-26,Hove,16:53,1397996,https://www.timeform.com/greyhound-racing/racecards/hove/1653/2026-08-26/1397996,500m,A5,Sly Bluebird,Yougo Finn,Melbury Tyr,Sly Bluebird has been operating at a good level lately and just about gets the nod in this line up. Yougo Finn is up there on the shortlist too.,"13/8 Yougo Finn, 11/4 Sly Bluebird, 100/30 Rapido Willow, 7/2 Melbury Tyr, 8/1 Swift Vest",RAPIDO WILLOW Rapido Willow has won only 53.85% of races after leading at the third bend. Bet →,COMPLETE,
2026-08-26,Hove,17:12,1397997,https://www.timeform.com/greyhound-racing/racecards/hove/1712/2026-08-26/1397997,285m,D4,Hypershock,Kamikaze Star,Jacktavern Smash,Hypershock holds an advantage timewise and is going to be very tough to beat. Kamikaze Star looks the likeliest to chase the winner home.,"6/5 Hypershock, 9/2 Kamikaze Star, 5/1 Jacktavern Smash, 11/2 Flyers Geezer, 11/2 Signet Cooper, 17/2 Franco Jim",Bet →,COMPLETE,
2026-08-26,Hove,17:31,1397998,https://www.timeform.com/greyhound-racing/racecards/hove/1731/2026-08-26/1397998,500m,A2,Chain Of Hope,Droopys Invasion,Rory The Arb,Chain Of Hope continues in form and could be difficult to catch. Droopys Invasion can come out best of the remainder.,"5/6 Chain Of Hope, 11/5 Droopys Invasion, 13/2 Rory The Arb, 7/1 Droopys Crafty, 15/2 Pocket Gunner",CHAIN OF HOPE Chain Of Hope has won only 33.33% of races after leading at the first bend. Bet →,COMPLETE,
2026-08-26,Hove,17:49,1397999,https://www.timeform.com/greyhound-racing/racecards/hove/1749/2026-08-26/1397999,500m,A6,Believe You Can,Mustang Maverick,Luna Outof Orbit,Believe You Can's recent efforts have had a lot to like about them and should give it a good go. Mustang Maverick will have run well to finish second.,"9/4 Believe You Can, 5/2 Mustang Maverick, 11/4 Luna Outof Orbit, 4/1 Seomra Pipp, 10/1 Broadfieldbullet",MUSTANG MAVERICK Mustang Maverick has won only 60% of races after leading at the third bend. Bet →,COMPLETE,
2026-08-26,Monmore,11:03,1398009,https://www.timeform.com/greyhound-racing/racecards/monmore/1103/2026-08-26/1398009,480m,A5,Do Gooder,Good Gold,Aero Mockery,Do Gooder has put together several good efforts recently and has strong claims. Good Gold is the one for the forecast.,"9/4 Do Gooder, 9/4 Good Gold, 3/1 Tommys Magical, 7/2 Aero Mockery, 13/2 Cashen Pogacha",DO GOODER Do Gooder has the time to be at least 1 length behind at the sectional point. Bet →,COMPLETE,
2026-08-26,Monmore,11:19,1398010,https://www.timeform.com/greyhound-racing/racecards/monmore/1119/2026-08-26/1398010,264m,D4,Vixons Mission,My Premiercounty,Tickets Bang,Vixons Mission is best of these on expected final time and is the one they all have to beat. My Premiercounty should also give a good account.,"8/15 Vixons Mission, 11/8 My Premiercounty, 11/4 Tickets Bang, 22/1 Baby Swirl",BABY SWIRL C D Marston has a 25% winning strike rate in the last 7 days. Bet →,COMPLETE,
2026-08-26,Monmore,11:36,1398011,https://www.timeform.com/greyhound-racing/racecards/monmore/1136/2026-08-26/1398011,480m,A6,Deelish Lola,Mash Mad Bridie,Aero Bang Bang,Deelish Lola is the pick on expected final time and little has gone right the last two occasions. Mash Mad Bridie looks best poised to take advantage if the selection goes awol.,"2/1 Deelish Lola, 100/30 Mash Mad Bridie, 7/2 Aero Bang Bang, 4/1 Bloos Ladysandra, 4/1 All About Alice",BLOOS LADYSANDRA J B Thompson has a 25.71% winning strike rate in the last 7 days. Bet →,COMPLETE,
2026-08-26,Monmore,11:52,1398012,https://www.timeform.com/greyhound-racing/racecards/monmore/1152/2026-08-26/1398012,264m,D4,Noruffsorscruffs,Small Hours,Alien Brat,Noruffsorscruffs has put together a impressive string of efforts recently and has prime claims. Small Hours is likely to be on the premises too.,"9/4 Noruffsorscruffs, 11/4 Small Hours, 5/1 Alien Brat, 11/2 Whisky Knight, 6/1 Elderberry Misty, 7/1 Final Fernandes",NORUFFSORSCRUFFS Noruffsorscruffs has finished in the first two in 54.55% of races from this trap. Bet →,COMPLETE,
2026-08-26,Monmore,12:09,1398013,https://www.timeform.com/greyhound-racing/racecards/monmore/1209/2026-08-26/1398013,264m,D3,Highway Blue,Drive On Shelby,Bluey Hills,Highway Blue's recent runs have had a lot to like about them and should prove hard to catch. Drive On Shelby is favourite to play the lead supporting role.,"6/4 Highway Blue, 15/8 Bluey Hills, 9/2 Drive On Shelby, 5/1 Longacres Tommy, 13/2 Four The Hunt",FOUR THE HUNT Four The Hunt has won 80% of races if in front at the second bend. Bet →,COMPLETE,
2026-08-26,Monmore,12:26,1398014,https://www.timeform.com/greyhound-racing/racecards/monmore/1226/2026-08-26/1398014,480m,A8,Ohtheresally,Hawkfield Bionic,Blue Jazz,Ohtheresally looks marginally the pick in this field but is likely to need to put in a trouble-free run. Hawkfield Bionic can pick up the leftovers.,"5/4 Hawkfield Bionic, 5/2 Ohtheresally, 7/2 Blue Jazz, 9/2 Drumdoit Milo, 15/2 Butterbean",HAWKFIELD BIONIC C D Marston has a 25% winning strike rate in the last 7 days. Bet →,COMPLETE,
2026-08-26,Monmore,12:42,1398015,https://www.timeform.com/greyhound-racing/racecards/monmore/1242/2026-08-26/1398015,480m,A9,Soap Box Surfer,Stormy Bonito,Florican Gem,Soap Box Surfer appeals best of these by a narrow margin and more of the same likely to be good enough. Stormy Bonito can chase the selection home.,"7/4 Soap Box Surfer, 15/8 Blarney Castle, 3/1 Stormy Bonito, 11/2 Florican Gem, 13/2 Tommys Prosecco",STORMY BONITO Stormy Bonito has won only 37.50% of races after leading at the third bend. Bet →,COMPLETE,
2026-08-26,Monmore,12:59,1398016,https://www.timeform.com/greyhound-racing/racecards/monmore/1259/2026-08-26/1398016,264m,D4,Fourpenny Jack,Cazzers Ade,Rhyming Ella,Fourpenny Jack's recent runs have had a lot to like about them and should prove hard to catch. Cazzers Ade is favourite to play the lead supporting role.,"11/8 Fourpenny Jack, 9/4 Cazzers Ade, 7/2 Pennys Shadow, 4/1 Rhyming Ella, 10/1 Aero Biscuit",FOURPENNY JACK Fourpenny Jack has won no races after leading at the second bend. Bet →,COMPLETE,
2026-08-26,Monmore,13:16,1398017,https://www.timeform.com/greyhound-racing/racecards/monmore/1316/2026-08-26/1398017,480m,A10,Aero Bassett,Aero Imagine,Swift Jam,Aero Bassett looks to have more or less the best credentials but might well need a clear run to score. Aero Imagine could well be best of the others.,"6/4 Aero Bassett, 7/4 Aero Imagine, 11/4 Swift Jam, 11/2 Yama Nightmare, 10/1 Jimmytheconman",AERO BASSETT Aero Bassett has won only 39.29% of races after leading at the second bend. Bet →,COMPLETE,
2026-08-26,Monmore,13:31,1398018,https://www.timeform.com/greyhound-racing/racecards/monmore/1331/2026-08-26/1398018,480m,A4,Ballymac Prada,Aero Dulcie,Common Canter,Ballymac Prada is running really well right now as last few efforts show and sets a good standard on the clock. Common Canter heads the short list for second.,"100/30 Ballymac Prada, 7/2 Aero Dulcie, 7/2 Common Canter, 4/1 Ballyhealy Star, 5/1 Battery Jack, 11/2 Marlhill Queenie",BALLYHEALY STAR J B Thompson has a 25.71% winning strike rate in the last 7 days. Bet →,COMPLETE,
2026-08-26,Monmore,13:46,1398019,https://www.timeform.com/greyhound-racing/racecards/monmore/1346/2026-08-26/1398019,264m,D3,Vixons Vanilla,Fourpenny Jill,Tullymurry Otto,Vixons Vanilla has the best chance albeit not by much but can't afford for much to go wrong. Fourpenny Jill is likely also to go close.,"1/1 Vixons Vanilla, 3/1 Fourpenny Jill, 7/2 Tullymurry Otto, 5/1 Love To See, 7/1 Anglesey Lola",ANGLESEY LOLA Anglesey Lola has won only 30% of races after leading at the first bend. Bet →,COMPLETE,
2026-08-26,Monmore,14:04,1398020,https://www.timeform.com/greyhound-racing/racecards/monmore/1404/2026-08-26/1398020,480m,A8,Lady Luck,Aero Superstar,Westway Kai,Lady Luck continues to run well and has fair claims. Aero Superstar is also likely to be on the premises.,"11/5 Lady Luck, 9/4 Aero Superstar, 7/2 Slipalong Lotto, 4/1 Westway Kai, 9/2 Yama Witch",AERO SUPERSTAR Aero Superstar has finished in the first two in 57.14% of races from this trap. Bet →,COMPLETE,
2026-08-26,Newcastle,14:29,1398021,https://www.timeform.com/greyhound-racing/racecards/newcastle/1429/2026-08-26/1398021,480m,A3,Tinnock Sheba,Droopys Renee,Our Chief,Tinnock Sheba couldn't be better drawn and has fair claims. Droopys Renee is a contender too.,"1/1 Tinnock Sheba, 11/4 Droopys Renee, 7/2 Our Chief, 4/1 Canny Smokey, 15/2 Da Short Haul",OUR CHIEF Our Chief has finished in the first two in 16.67% of races from this trap. Bet →,COMPLETE,
2026-08-26,Newcastle,14:48,1398022,https://www.timeform.com/greyhound-racing/racecards/newcastle/1448/2026-08-26/1398022,480m,A4,Eileens Larue,Blackhouse Love,Bramble Revel,Eileens Larue has recorded some excellent efforts in recent races and has strong claims. Blackhouse Love is the pick of the others.,"11/8 Eileens Larue, 11/4 Blackhouse Love, 4/1 Bramble Revel, 4/1 Ekitike, 11/2 Highview Evie",EILEENS LARUE Eileens Larue has won no races after leading at the first bend. Bet →,COMPLETE,
2026-08-26,Newcastle,15:07,1398023,https://www.timeform.com/greyhound-racing/racecards/newcastle/1507/2026-08-26/1398023,480m,A4,Crooks Peaky,Bramble Cat,Jackos Cody,Crooks Peaky put up a personal effort last time out and is the one to beat. Bramble Cat can pick up the pieces.,"5/2 Crooks Peaky, 100/30 Bramble Cat, 7/2 Jackos Cody, 4/1 Texas Queen, 7/1 Coolemount Raid, 10/1 Alove Supreme",JACKOS CODY Jackos Cody has won 75% of races if in front at the first bend. Bet →,COMPLETE,
2026-08-26,Newcastle,15:26,1398024,https://www.timeform.com/greyhound-racing/racecards/newcastle/1526/2026-08-26/1398024,480m,HP,A Bit Of Megan,Strictly Motsi,Vinny Chase,A Bit Of Megan clearly faces a much easier task than last time and has a clear chance. Strictly Motsi can come out best of the rest.,"9/4 A Bit Of Megan, 100/30 Strictly Motsi, 7/2 Chamonix, 4/1 Vinny Chase, 11/2 Bramble Emerald, 9/1 El Mirador",CHAMONIX Chamonix has won all its races if in front at the fourth bend. Bet →,COMPLETE,
2026-08-26,Newcastle,15:44,1398025,https://www.timeform.com/greyhound-racing/racecards/newcastle/1544/2026-08-26/1398025,480m,A2,Now Were Flyin,A Bit Of Betty,Canny Striker,Now Were Flyin has recorded some excellent efforts in recent runs and has very good claims. Canny Striker is the pick of the rest.,"10/11 Now Were Flyin, 2/1 Canny Striker, 7/2 A Bit Of Betty, 6/1 Bramble Elvis, 10/1 Toddys Panther",NOW WERE FLYIN Now Were Flyin has won all its races if in front at the fourth bend. Bet →,COMPLETE,
2026-08-26,Newcastle,16:03,1398026,https://www.timeform.com/greyhound-racing/racecards/newcastle/1603/2026-08-26/1398026,480m,A5,Solway Aussie,Munoz Onthe Kop,Churro,Solway Aussie is expected to be in a clear lead early and is well up to winning this easily. Munoz Onthe Kop appeals most of the remainder.,"2/1 Solway Aussie, 4/1 Munoz Onthe Kop, 4/1 Bramble Angel, 9/2 Churro, 6/1 Midtown Ebony, 13/2 A Bit Of Ebony",SOLWAY AUSSIE Solway Aussie has the early speed to be at least 2 lengths clear at the sectional point. Bet →,COMPLETE,
2026-08-26,Newcastle,16:22,1398027,https://www.timeform.com/greyhound-racing/racecards/newcastle/1622/2026-08-26/1398027,290m,D3,Solway Ocean,Alnwick Ava,Moyvane Emotions,Solway Ocean has slender claims but can't afford any slip ups. Alnwick Ava is also likely to be thereabouts.,"11/8 Solway Ocean, 5/2 Moyvane Emotions, 9/2 Alnwick Ava, 5/1 Tinnock Stellar, 5/1 Richies Richie",RICHIES RICHIE Richies Richie has won only 40% of races after leading at the fourth bend. Bet →,COMPLETE,
2026-08-26,Newcastle,16:41,1398028,https://www.timeform.com/greyhound-racing/racecards/newcastle/1641/2026-08-26/1398028,480m,A4,Elena The Best,Coppice Sioux,Avenue Cove,Elena The Best is up to taking this on the clock and should soon be making the best of its way home. Coppice Sioux could well be best of the remainder.,"1/1 Elena The Best, 7/2 Coppice Sioux, 4/1 Avenue Cove, 9/2 Burrow Nitro, 6/1 Bramble Paulina",BRAMBLE PAULINA Bramble Paulina has won all its races if in front at the fourth bend. Bet →,COMPLETE,
2026-08-26,Newcastle,16:59,1398029,https://www.timeform.com/greyhound-racing/racecards/newcastle/1659/2026-08-26/1398029,480m,A6,Private Express,Solway Blue,Alnwick Barney,Private Express looks to have just about the best credentials but might well need a clear passage to come home first. Solway Blue can take second place.,"9/4 Private Express, 5/2 Alnwick Barney, 11/4 Solway Blue, 7/2 Amazing Rex, 12/1 Alnwick Aurora",ALNWICK BARNEY Alnwick Barney has the early speed to be at least 1 length clear at the sectional point. Bet →,COMPLETE,
2026-08-26,Newcastle,17:18,1398030,https://www.timeform.com/greyhound-racing/racecards/newcastle/1718/2026-08-26/1398030,480m,A5,Crooks Nottofar,Alnwick River,Crooks Willow,Crooks Nottofar is the one to beat on expected final time and its last two starts are easily excused. Alnwick River could well be best of the others.,"5/2 Crooks Nottofar, 100/30 Alnwick River, 4/1 Crooks Willow, 11/2 Midtown Romeo, 11/2 Brenval Elle, 8/1 Two Votes",BRENVAL ELLE Brenval Elle has won only 25% of races after leading at the first bend. Bet →,COMPLETE,
2026-08-26,Newcastle,17:37,1398031,https://www.timeform.com/greyhound-racing/racecards/newcastle/1737/2026-08-26/1398031,480m,A6,So Its Lillie,Westons Skeleton,Lightfoot Lass,"So Its Lillie is proving consistent and sets the bar, albeit not too high. Westons Skeleton could well be best of the others.","2/1 So Its Lillie, 3/1 Westons Skeleton, 7/2 Lightfoot Lass, 5/1 Proud One, 8/1 Swift Leon, 10/1 Crooks Fearghal",SWIFT LEON Swift Leon has won only 30% of races after leading at the first bend. Bet →,COMPLETE,
2026-08-26,Newcastle,17:56,1398032,https://www.timeform.com/greyhound-racing/racecards/newcastle/1756/2026-08-26/1398032,480m,A3,My Twilight Zone,Solway Ernie,Balrobuck Tom,My Twilight Zone has the best chance albeit not by much but can't afford for much to go wrong. Solway Ernie is likely to be in the mix too.,"7/4 My Twilight Zone, 9/4 Solway Ernie, 7/2 Balrobuck Tom, 7/2 Brief News, 6/1 Solway Dream",SOLWAY ERNIE Solway Ernie has finished in the first two in 50% of races from this class. Bet →,COMPLETE,
2026-08-26,Nottingham,11:25,1397965,https://www.timeform.com/greyhound-racing/racecards/nottingham/1125/2026-08-26/1397965,500m,A2,Bobsleigh Act,Sambar Prince,Air Flyer,Bobsleigh Act has the best chance on expected final time and has outstanding claims. Sambar Prince is likely to be thereabouts too.,"9/4 Sambar Prince, 5/2 Bobsleigh Act, 9/2 Clonbrien King, 5/1 Air Flyer, 13/2 Skyfall Belle, 15/2 Michelle My Bell",MICHELLE MY BELL Trap 3 has a 19% strike rate here over the past 4 years. Bet →,COMPLETE,
2026-08-26,Nottingham,11:41,1397966,https://www.timeform.com/greyhound-racing/racecards/nottingham/1141/2026-08-26/1397966,500m,A6,Unlikely Tom,Honour Precious,Wolf Dawn,Unlikely Tom has put together a solid series of recent efforts and is probably the one to beat. Honour Precious has the best prospects of the rest.,"2/1 Unlikely Tom, 4/1 Wolf Dawn, 9/2 Honour Precious, 9/2 Honour Face, 5/1 Fairest Point, 17/2 Wall Of Silence",FAIREST POINT Fairest Point has won only 37.50% of races after leading at the fourth bend. Bet →,COMPLETE,
2026-08-26,Nottingham,11:58,1397967,https://www.timeform.com/greyhound-racing/racecards/nottingham/1158/2026-08-26/1397967,500m,A8,Brocquy,No Luck,Swift Amplify,Brocquy looks to have just about the best credentials but might well need a clear passage to come home first. No Luck is top of the shortlist for second.,"5/2 No Luck, 11/4 Brocquy, 4/1 Swift Amplify, 5/1 Croaghill Max, 11/2 Baby Bono, 15/2 Nidderdaleautumn",CROAGHILL MAX Croaghill Max has won 18.75% of races despite being in the last pair at the first bend. Bet →,COMPLETE,
2026-08-26,Nottingham,12:14,1397968,https://www.timeform.com/greyhound-racing/racecards/nottingham/1214/2026-08-26/1397968,305m,D3,Kelva Brie,Harlequin Kobe,Sunset Years,Kelva Brie has a decent chance on the clock and has a fair chance of leading all the way. Harlequin Kobe can come out best of the rest.,"7/4 Kelva Brie, 9/4 Harlequin Kobe, 9/2 Sunset Years, 11/2 Sonic Pixie, 8/1 Busta Cherry, 12/1 Rialto Ben",KELVA BRIE Kelva Brie has won all its races if in front at the fourth bend. Bet →,COMPLETE,
2026-08-26,Nottingham,12:31,1397969,https://www.timeform.com/greyhound-racing/racecards/nottingham/1231/2026-08-26/1397969,500m,A4,Platinum Record,Curraghmorechamp,Newland Bear,Platinum Record is the selection on most of its recent runs and should make a bold show. Curraghmorechamp looks best poised to take advantage if the selection falters.,"9/4 Platinum Record, 7/2 Newland Bear, 7/2 Curraghmorechamp, 5/1 Noelles Pelo, 6/1 Keefill Beth, 8/1 Elite Max",NEWLAND BEAR Trap 3 has a 19% strike rate here over the past 4 years. Bet →,COMPLETE,
2026-08-26,Nottingham,12:48,1397970,https://www.timeform.com/greyhound-racing/racecards/nottingham/1248/2026-08-26/1397970,500m,A5,Fercullen Champ,In Form Lady,Furcombe Hall,Fercullen Champ has put together a good series of efforts lately and is much the one to aim at. In Form Lady should go well too.,"11/8 Fercullen Champ, 6/4 In Form Lady, 4/1 Furcombe Hall, 6/1 Wolf Diamond, 7/1 Honeygar Flow",FURCOMBE HALL Furcombe Hall has won only 30.77% of races after leading at the first bend. Bet →,COMPLETE,
2026-08-26,Nottingham,13:06,1397971,https://www.timeform.com/greyhound-racing/racecards/nottingham/1306/2026-08-26/1397971,500m,A3,Noteworthy,Broomfleet Flyer,Annadown Guggy,Noteworthy continues to run creditably and has a fair chance. Broomfleet Flyer can emerge best of the rest.,"15/8 Noteworthy, 11/4 Annadown Guggy, 7/2 Broomfleet Flyer, 9/2 Honour Secret, 11/2 Piemans Fairy",PIEMANS FAIRY Piemans Fairy has the time to be at least 1 length behind at the sectional point. Bet →,COMPLETE,
2026-08-26,Nottingham,13:21,1397972,https://www.timeform.com/greyhound-racing/racecards/nottingham/1321/2026-08-26/1397972,500m,A2,Skyfall Orna,Aegean Song,Bit View Bella,Skyfall Orna is probably the safest recommendation but could need a clear passage to come home in front. Aegean Song ought to go close as well.,"5/2 Skyfall Orna, 7/2 Bit View Bella, 4/1 Aegean Song, 4/1 Alwaysoptimistic, 9/2 Churchill Boy, 9/1 Droopys Treat",ALWAYSOPTIMISTIC Alwaysoptimistic has won 18.18% of races despite being in the last pair at the first bend. Bet →,COMPLETE,
2026-08-26,Nottingham,13:36,1397973,https://www.timeform.com/greyhound-racing/racecards/nottingham/1336/2026-08-26/1397973,500m,A7,Crafty Can Do,Petite Pippa,Yoguartpotjohn,Crafty Can Do looks to have narrowly the best credentials but prospects might have to depend on avoiding trouble. Honour Beckham looks best poised to take advantage if the selection falters.,"7/4 Petite Pippa, 11/4 Crafty Can Do, 3/1 Honour Beckham, 3/1 Yoguartpotjohn, 15/2 Vair Rumpol",PETITE PIPPA Petite Pippa has won 60% of races if in front at the first bend. Bet →,COMPLETE,
2026-08-26,Nottingham,13:52,1397974,https://www.timeform.com/greyhound-racing/racecards/nottingham/1352/2026-08-26/1397974,500m,A1,Rockhouse Woody,Coin Box,Lisnakill Donnie,Rockhouse Woody stands out on expected final time and stands out in this line up. Coin Box will have run well to finish second.,"5/4 Rockhouse Woody, 9/4 Lisnakill Donnie, 11/4 Coin Box, 13/2 Sambar Dream, 15/2 Maree Shay",SAMBAR DREAM Sambar Dream has won 13.64% of races despite being in the last pair at the second bend. Bet →,COMPLETE,
2026-08-26,Nottingham,14:09,1397975,https://www.timeform.com/greyhound-racing/racecards/nottingham/1409/2026-08-26/1397975,500m,A2,Frederico,Hollyhill Bullet,Jager Bren,Frederico has slender claims but can't afford any slip ups. Hollyhill Bullet is also likely to be on the premises.,"3/1 Frederico, 3/1 Hollyhill Bullet, 4/1 Jager Bren, 5/1 Headford Tara, 6/1 Demba Bark, 6/1 Mongys Tiger",JAGER BREN Jager Bren has won 31.58% of races despite being in the last pair at the first bend. Bet →,COMPLETE,
2026-08-26,Romford,18:37,1398078,https://www.timeform.com/greyhound-racing/racecards/romford/1837/2026-08-26/1398078,400m,A6,Hesarightbucko,Castillo Del Rey,Burgess Blackie,Hesarightbucko looks to have narrowly the best credentials but prospects might have to depend on avoiding trouble. Castillo Del Rey can take advantage if the selection trips up.,"6/4 Hesarightbucko, 11/5 Castillo Del Rey, 3/1 Burgess Blackie, 4/1 Easy Anna, 17/2 Paradise Clover",BURGESS BLACKIE Burgess Blackie won last time despite being 3rd or worse at the final bend. Bet →,COMPLETE,
2026-08-26,Romford,18:53,1398079,https://www.timeform.com/greyhound-racing/racecards/romford/1853/2026-08-26/1398079,400m,A5,Young Poppy,Pawed And Bowled,Not Now Alan,Young Poppy is likely to get ahead and sets a very tall standard. Pawed And Bowled can take second place.,"11/4 Young Poppy, 3/1 Speedy Zara, 3/1 Not Now Alan, 7/2 Pawed And Bowled, 9/2 Stormtrooper",YOUNG POPPY Trap 1 has a 19% strike rate here over the past 4 years. Trap 3 has a 20% strike rate here over the past 4 years. Bet →,COMPLETE,
2026-08-26,Romford,19:11,1398080,https://www.timeform.com/greyhound-racing/racecards/romford/1911/2026-08-26/1398080,400m,A4,Alans Amigo,Ballymac Suntan,Phoenix Izzy,Alans Amigo looks to have marginally the best claims but might well need a clear passage to run out the winner. Ballymac Suntan will be in the mix too.,"15/8 Alans Amigo, 9/4 Phoenix Izzy, 11/4 Ballymac Suntan, 9/2 Kinstons Angel, 7/1 Blackburny Storm",PHOENIX IZZY Phoenix Izzy has won only 66.67% of races after leading at the fourth bend. Bet →,COMPLETE,
2026-08-26,Romford,19:27,1398081,https://www.timeform.com/greyhound-racing/racecards/romford/1927/2026-08-26/1398081,400m,A8,Young Apache,Coolanga Junior,Hollywood Lilly,Young Apache has run plenty of good races recently and is probably the one to beat. Coolanga Junior has the best prospects of the remainder.,"9/4 Hollywood Lilly, 5/2 Young Apache, 11/4 Coolanga Junior, 9/2 Seomra Mint, 5/1 Lizies Legacy",SEOMRA MINT Seomra Mint has won 83.33% of races if in front at the second bend. Bet →,COMPLETE,
2026-08-26,Romford,19:44,1398082,https://www.timeform.com/greyhound-racing/racecards/romford/1944/2026-08-26/1398082,400m,A3,Bubbly Everest,Roxys Sunshine,Cluain Denis,Bubbly Everest has good claims on expected final time and has a very clear chance. Roxys Sunshine is a contender too.,"100/30 Bubbly Everest, 7/2 Cluain Denis, 7/2 Populist, 4/1 Roxys Sunshine, 9/2 Da Honey Mil, 10/1 Hollywood Bullet",HOLLYWOOD BULLET Trap 1 has a 19% strike rate here over the past 4 years. Trap 3 has a 20% strike rate here over the past 4 years. Bet →,COMPLETE,
2026-08-26,Romford,20:01,1398083,https://www.timeform.com/greyhound-racing/racecards/romford/2001/2026-08-26/1398083,575m,S4,Jeopardy Diva,Droopys Peru,Yahoo Cleo,Jeopardy Diva's recent runs have been likeable on the whole and should make a bold show. Yahoo Cleo is likeliest to play second fiddle to the selection.,"7/4 Jeopardy Diva, 3/1 Yahoo Cleo, 3/1 Droopys Peru, 4/1 Garrys Lil Star, 6/1 Snoopys Star",JEOPARDY DIVA Jeopardy Diva has won 66.67% of races if in front at the first bend. Bet →,COMPLETE,
2026-08-26,Romford,20:19,1398084,https://www.timeform.com/greyhound-racing/racecards/romford/2019/2026-08-26/1398084,400m,A11,Minnie Majestic,Ashwood Links,Coolanga Diamond,Minnie Majestic has been running well and is just about the pick in this field. Ashwood Links seems only to have second to aim at.,"5/4 Minnie Majestic, 9/4 Ashwood Links, 7/2 Coolanga Diamond, 7/2 Tea Leaf Thor, 19/2 Noreason Jess",TEA LEAF THOR Tea Leaf Thor has won 71.43% of races if in front at the second bend. Bet →,COMPLETE,
2026-08-26,Romford,20:36,1398085,https://www.timeform.com/greyhound-racing/racecards/romford/2036/2026-08-26/1398085,400m,A10,Lavan Minstrelle,San Siro,Catunda Harlow,"Lavan Minstrelle is running creditably and sets the bar, albeit not too high. San Siro could well be best of the remainder.","9/4 Lavan Minstrelle, 9/4 San Siro, 5/2 Catunda Harlow, 5/1 Bubbly Blackbird, 6/1 Sheer Magic",SHEER MAGIC M E Westwood has a 42.11% winning strike rate in the last 7 days. Bet →,COMPLETE,
2026-08-26,Romford,20:54,1398086,https://www.timeform.com/greyhound-racing/racecards/romford/2054/2026-08-26/1398086,400m,A1,Another Solution,Stormy Pat,Bacon Burrger,Another Solution is running well and should give backers a good run for their money. Stormy Pat can take advantage if the selection trips up.,"15/8 Another Solution, 11/4 Stormy Pat, 4/1 Bacon Burrger, 5/1 Zinedine Zedog, 6/1 Skylars Sonny, 10/1 Miami Sapphire",MIAMI SAPPHIRE Trap 1 has a 19% strike rate here over the past 4 years. Trap 3 has a 20% strike rate here over the past 4 years. Bet →,COMPLETE,
2026-08-26,Romford,21:11,1398087,https://www.timeform.com/greyhound-racing/racecards/romford/2111/2026-08-26/1398087,400m,A9,Eddies Star,Sunshine Lass,Rough Dancer,Eddies Star is holding form well and is up to winning this. Sunshine Lass can pick up minor honours.,"9/4 Sunshine Lass, 11/4 Eddies Star, 7/2 Rough Dancer, 9/2 Donegal Cian, 8/1 Easy Way Out, 14/1 Keeperhill Vikki",SUNSHINE LASS Sunshine Lass has won no races after leading at the second bend. Bet →,COMPLETE,
2026-08-26,Romford,21:28,1398088,https://www.timeform.com/greyhound-racing/racecards/romford/2128/2026-08-26/1398088,400m,A2,Lil Bo Beep,Rock Me Rosemary,Blackburnybullet,Lil Bo Beep looks to have marginally the best claims but might well need a clear passage to come home in front. Blackburnybullet is unlikely to be too far away.,"7/4 Rock Me Rosemary, 2/1 Blackburnybullet, 3/1 Lil Bo Beep, 9/2 Droopys Saoirse, 10/1 Swift Jasper",ROCK ME ROSEMARY Rock Me Rosemary has won 83.33% of races if in front at the first bend. Bet →,COMPLETE,
2026-08-26,Romford,21:46,1398089,https://www.timeform.com/greyhound-racing/racecards/romford/2146/2026-08-26/1398089,575m,S1,Bubbly Holly,Aint Bothered,Bacon Frazzles,Bubbly Holly has a decent chance on the clock and could well make all the running. Aint Bothered can beat the rest.,"2/1 Bacon Frazzles, 2/1 Bubbly Holly, 3/1 Aint Bothered, 13/2 Alana The Second, 7/1 Zenith Angel",ALANA THE SECOND Alana The Second has won all its races if in front at the fourth bend. Bet →,COMPLETE,
2026-08-26,Sunderland,14:36,1398127,https://www.timeform.com/greyhound-racing/racecards/sunderland/1436/2026-08-26/1398127,261m,D4,Shalefield Azure,Crafty Momo,Da Auld Field,Shalefield Azure is running well enough to merit close consideration but could need a clear passage to come home in front. Crafty Momo seems only to have second to aim at.,"6/4 Crafty Momo, 4/1 Jacktavern Nicky, 4/1 Shalefield Azure, 4/1 Da Auld Field, 8/1 Helicopter Jacob, 17/2 Watermill Emara",HELICOPTER JACOB S Linley has a 27.78% winning strike rate in the last 7 days. Bet →,COMPLETE,
2026-08-26,Sunderland,14:54,1398128,https://www.timeform.com/greyhound-racing/racecards/sunderland/1454/2026-08-26/1398128,450m,HP,Hi Hilda,Watermill Wendy,Marwood Magic,Hi Hilda has marginally the best all-round profile but any trouble could put paid to its chance. Watermill Wendy is a contender as well.,"11/8 Hi Hilda, 3/1 Watermill Wendy, 7/2 Marwood Magic, 7/2 Neon Drifter, 13/2 Dellser Cassie",DELLSER CASSIE Dellser Cassie has won only 35.71% of races after leading at the fourth bend. Bet →,COMPLETE,
2026-08-26,Sunderland,15:13,1398129,https://www.timeform.com/greyhound-racing/racecards/sunderland/1513/2026-08-26/1398129,450m,A8,Easy Elaina,Boozed Jasmin,Freeway Sky,Easy Elaina is in top form right now and just about stands out in this line up. Freeway Sky looks destined for second place.,"9/4 Easy Elaina, 100/30 Neon Whisper, 7/2 Freeway Sky, 11/2 Boozed Jasmin, 13/2 Creevagh Boom, 13/2 Cagey Nancy",FREEWAY SKY Freeway Sky has won only 33.33% of races after leading at the fourth bend. Bet →,COMPLETE,
2026-08-26,Sunderland,15:32,1398130,https://www.timeform.com/greyhound-racing/racecards/sunderland/1532/2026-08-26/1398130,450m,A2,Anglesey Exile,Gallant Queen,Marwood Raven,Anglesey Exile has largely been running well and is just about the pick in this line up. Gallant Queen should chase the winner home.,"11/4 Gallant Queen, 100/30 Anglesey Exile, 4/1 Marwood Raven, 5/1 Kerabellec Delph, 11/2 Divas Girl, 6/1 Vale Bucko",KERABELLEC DELPH Kerabellec Delph has won 20% of races despite being in the last pair at the second bend. Bet →,COMPLETE,
2026-08-26,Sunderland,15:51,1398131,https://www.timeform.com/greyhound-racing/racecards/sunderland/1551/2026-08-26/1398131,450m,A7,Ballyquin Izzy,Doubtful Lizzy,Untold Freysa,Ballyquin Izzy has recorded some fine efforts in recent races and is going to be hard to haul back. Doubtful Lizzy ought to go close as well.,"5/4 Ballyquin Izzy, 9/2 Doubtful Lizzy, 5/1 Untold Freysa, 11/2 Nicoles Noir, 13/2 Zari Trump, 15/2 Solsbury Hill",UNTOLD FREYSA Untold Freysa has run to form in 7 of its last 10 races in last 60 days. Bet →,COMPLETE,
2026-08-26,Sunderland,16:09,1398132,https://www.timeform.com/greyhound-racing/racecards/sunderland/1609/2026-08-26/1398132,261m,D3,Allowdale Yuno,Lightupthesky,Wraysbury Rhyme,Allowdale Yuno has put together a solid series of recent efforts and is probably the one to beat. Lightupthesky has the best prospects of the rest.,"9/4 Lightupthesky, 5/2 Allowdale Yuno, 7/2 Wraysbury Rhyme, 4/1 Ballyquin Pedro, 9/2 Knocknadoguebony",KNOCKNADOGUEBONY Knocknadoguebony has finished in the first two in 13.64% of races from this trap. Bet →,COMPLETE,
2026-08-26,Sunderland,16:28,1398133,https://www.timeform.com/greyhound-racing/racecards/sunderland/1628/2026-08-26/1398133,450m,A7,Mikeyknowsbest,Wishful Nancy,Chiltern Lily,Mikeyknowsbest is in front of these timewise and looks to have been found a very good opening. Wishful Nancy can pick up minor honours.,"5/2 Mikeyknowsbest, 3/1 Wishful Nancy, 7/2 Chiltern Lily, 5/1 Comawn Ginny, 15/2 Charlies Maddie, 9/1 Zari Mauve",MIKEYKNOWSBEST Mikeyknowsbest has finished in the first two in 50% of races from this class. Bet →,COMPLETE,
2026-08-26,Sunderland,16:47,1398134,https://www.timeform.com/greyhound-racing/racecards/sunderland/1647/2026-08-26/1398134,450m,A9,Abbeyside Jasmin,Quickstep Hoban,Calabina,Abbeyside Jasmin's usual quick exit should see it ahead and should soon be out in front. Quickstep Hoban would be our other pick.,"2/1 Quickstep Hoban, 100/30 Abbeyside Jasmin, 7/2 Calabina, 9/2 Kilmaloo Stilly, 6/1 Fruity Dazzler, 10/1 Vinegarhill Spy",ABBEYSIDE JASMIN Abbeyside Jasmin has won all its races if in front at the second bend. Bet →,COMPLETE,
2026-08-26,Sunderland,17:06,1398135,https://www.timeform.com/greyhound-racing/racecards/sunderland/1706/2026-08-26/1398135,450m,A8,Belle Midnight,Lazy Loo,Gringos Socks,Belle Midnight is in good heart right now and seems likely to take the beating. Gringos Socks will be on the premises too.,"11/4 Lazy Loo, 11/4 Belle Midnight, 7/2 Millroad Rocket, 4/1 Gringos Socks, 7/1 Westforth Swift, 10/1 Autumn Athlete",LAZY LOO Lazy Loo has won only 50% of races after leading at the third bend. Bet →,COMPLETE,
2026-08-26,Sunderland,17:24,1398136,https://www.timeform.com/greyhound-racing/racecards/sunderland/1724/2026-08-26/1398136,450m,A5,Speedy Rita,Lillys A Lady,Fagans Diva,Speedy Rita's overall form just puts it out in front but will need to avoid any slip ups. Lillys A Lady looks set to play the lead supporting role.,"6/4 Fagans Diva, 11/4 Speedy Rita, 9/2 Lillys A Lady, 11/2 Ozz Got It, 17/2 Cooga Alan, 9/1 Kerrylane Ivy",FAGANS DIVA G Strike has a 30% winning strike rate in the last 7 days. Bet →,COMPLETE,
2026-08-26,Sunderland,17:43,1398137,https://www.timeform.com/greyhound-racing/racecards/sunderland/1743/2026-08-26/1398137,261m,D2,Swift Verified,Ballyroe Blue,Kerabellec Neill,Swift Verified is second to none on the times and its last two efforts are easily excused. Ballyroe Blue looks destined for second place.,"5/4 Swift Verified, 2/1 Ballyroe Blue, 9/2 Kerabellec Neill, 11/2 Lukes Stellar, 6/1 Timmys Duo",TIMMYS DUO Timmys Duo has won 66.67% of races if in front at the first bend. Bet →,COMPLETE,
2026-08-26,Sunderland,18:02,1398138,https://www.timeform.com/greyhound-racing/racecards/sunderland/1802/2026-08-26/1398138,450m,A3,Balmoral Lucy,Lynnia Ranger,Ballyhooly Rory,Balmoral Lucy has been in decent form of late and just about gets the nod in this field. Lynnia Ranger is the one for the forecast.,"13/8 Lynnia Ranger, 11/5 Balmoral Lucy, 4/1 Ballyhooly Rory, 9/2 Shanmoyle Mary, 5/1 Fruity Cocktail",SHANMOYLE MARY Shanmoyle Mary has the early speed to be at least 1 length clear at the sectional point. Bet →,COMPLETE,
2026-08-26,Towcester,11:14,1398222,https://www.timeform.com/greyhound-racing/racecards/towcester/1114/2026-08-26/1398222,270m,D5,Cockneyloudmouth,Rosegarland Gina,Coolemore South,Cockneyloudmouth has the best chance albeit not by much but can't afford for much to go wrong. Rosegarland Gina is likely to be in the mix too.,"2/1 Cockneyloudmouth, 9/4 Rosegarland Gina, 7/2 Coolemore South, 5/1 Orcas Icon, 17/2 Rockstar Sally, 19/2 Scooby Van Gogh",COOLEMORE SOUTH Coolemore South has won 73.08% of races if in front at the first bend. Bet →,COMPLETE,
2026-08-26,Towcester,11:30,1398223,https://www.timeform.com/greyhound-racing/racecards/towcester/1130/2026-08-26/1398223,500m,A6,Denanval,Last Race Toni,Ballycleary Bono,Denanval looks to have narrowly the best claims but might well need a clear run to score. Ballycleary Bono could well be best of the rest.,"2/1 Denanval, 9/4 Last Race Toni, 9/4 Ballycleary Bono, 11/2 Toems Model, 11/2 Boherash Jani",BOHERASH JANI Boherash Jani has finished in the first two in 66.67% of races from this class. Bet →,COMPLETE,
2026-08-26,Towcester,11:46,1398224,https://www.timeform.com/greyhound-racing/racecards/towcester/1146/2026-08-26/1398224,270m,D2,Salacres Wild,Plaza Kathleen,Fabulous Allana,Salacres Wild continues to run well and has fair claims. Plaza Kathleen is also likely to be on the premises.,"7/4 Salacres Wild, 5/2 Plaza Kathleen, 5/2 Fabulous Allana, 11/2 Romeo Regent, 8/1 Salacres Berezia",SALACRES WILD P H Harnden has a 27.78% winning strike rate in the last 7 days. Bet →,COMPLETE,
2026-08-26,Towcester,12:03,1398225,https://www.timeform.com/greyhound-racing/racecards/towcester/1203/2026-08-26/1398225,270m,D5,Glenvale Jake,Guinness Lad,Vivlinles,Glenvale Jake's recent starts have been likeable in general and should prove hard to catch. Vivlinles looks set for a minor role.,"15/8 Guinness Lad, 5/2 Glenvale Jake, 7/2 Vivlinles, 9/2 Rowington Ruse, 17/2 Trapstyle Egg, 10/1 Makeit Power",MAKEIT POWER Makeit Power has won only 60% of races after leading at the third bend. Bet →,COMPLETE,
2026-08-26,Towcester,12:20,1398226,https://www.timeform.com/greyhound-racing/racecards/towcester/1220/2026-08-26/1398226,460m,B4,Noirs Bono,Vinies Pet,Marshall Sam,Noirs Bono continues to run operate somewhere near current best and has a fair chance. Vinies Pet can emerge best of the rest.,"5/4 Noirs Bono, 2/1 Marshall Sam, 7/2 Vinies Pet, 11/2 Swift Rally, 15/2 Donishall Jet",MARSHALL SAM Marshall Sam has the early speed to be at least 2 lengths clear at the sectional point. Bet →,COMPLETE,
2026-08-26,Towcester,12:37,1398227,https://www.timeform.com/greyhound-racing/racecards/towcester/1237/2026-08-26/1398227,460m,B2,Ballymac Genius,Pomba Gladys,Four Assassins,Ballymac Genius's overall form puts in it the frame but will need to avoid any trouble. Four Assassins looks set for a minor role.,"11/8 Ballymac Genius, 3/1 Pomba Gladys, 9/2 Four Assassins, 5/1 Salacres Jojo, 10/1 Contempt, 10/1 Ballymac Tensel",SALACRES JOJO P H Harnden has a 27.78% winning strike rate in the last 7 days. Bet →,COMPLETE,
2026-08-26,Towcester,12:53,1398228,https://www.timeform.com/greyhound-racing/racecards/towcester/1253/2026-08-26/1398228,270m,D2,Plaza Bruno,Fabulous Sora,Fabulous Ramona,Plaza Bruno only just appeals most of these but prospects might have to depend on luck in running. Fabulous Sora will have run well to finish second.,"5/2 Fabulous Sora, 7/2 Fabulous Ramona, 7/2 Plaza Bruno, 4/1 Wraysbury Band, 9/2 Ducleagh, 19/2 Eire Katie",WRAYSBURY BAND Wraysbury Band has won only 70% of races after leading at the fourth bend. Bet →,COMPLETE,
2026-08-26,Towcester,13:11,1398229,https://www.timeform.com/greyhound-racing/racecards/towcester/1311/2026-08-26/1398229,460m,B3,Unknown Allie,Ballymac Nuna,Melbury Rocket,Unknown Allie appeals best of these by a narrow margin and more of the same likely to be good enough. Melbury Rocket can chase the selection home.,"11/8 Ballymac Nuna, 7/2 Melbury Rocket, 4/1 Unknown Allie, 5/1 Blakefield Fizz, 13/2 Catunda Stella, 12/1 Five Alley Zena",MELBURY ROCKET Melbury Rocket has the time to be at least 1 length behind at the sectional point. Bet →,COMPLETE,
2026-08-26,Towcester,13:26,1398230,https://www.timeform.com/greyhound-racing/racecards/towcester/1326/2026-08-26/1398230,270m,D5,Rockstar Lilly,Ardera Lass,Zebedee Milan,Rockstar Lilly is probably the safest recommendation but could need a clear passage to come home in front. Ardera Lass looks the likeliest to finish second.,"8/15 Ardera Lass, 5/1 Rockstar Lilly, 11/2 Zebedee Milan, 8/1 Decent Jeff, 17/2 Blue Robin, 10/1 Choices Jean",ARDERA LASS Ardera Lass has won only 25% of races after leading at the first bend. Bet →,COMPLETE,
2026-08-26,Towcester,13:41,1398231,https://www.timeform.com/greyhound-racing/racecards/towcester/1341/2026-08-26/1398231,460m,B5,Freyas Lula,Ballycleary Java,Homestead Ceile,Freyas Lula is easily the best of these on expected times and is the one they all have to beat. Ballycleary Java looks destined for minor honours.,"5/6 Freyas Lula, 4/1 Homestead Ceile, 5/1 Ballycleary Java, 6/1 Makeit Myella, 7/1 Tolpuddleduchess, 12/1 Makeit Juice",MAKEIT JUICE V A Lea has a 25% winning strike rate in the last 7 days. Bet →,COMPLETE,
2026-08-26,Towcester,13:58,1398232,https://www.timeform.com/greyhound-racing/racecards/towcester/1358/2026-08-26/1398232,460m,B4,Monroe Bess,Darraghs Dream,Bambis Miss,Monroe Bess looks to have more or less the best credentials but might well need a clear run to score. Bambis Miss is one to consider for the forecast.,"2/1 Monroe Bess, 3/1 Bambis Miss, 7/2 Darraghs Dream, 7/2 Choices Mile, 9/1 Pullinamixer, 12/1 Coolmeen Chloe",CHOICES MILE Choices Mile has won all its races if in front at the second bend. Bet →,COMPLETE,
2026-08-26,Towcester,14:14,1398233,https://www.timeform.com/greyhound-racing/racecards/towcester/1414/2026-08-26/1398233,270m,D3,Dublin Jimmy,Stratton Girl,Salacres Logan,Dublin Jimmy has put together a solid series of efforts lately and is much the one to aim at. Stratton Girl appeals most of the others.,"5/2 Dublin Jimmy, 5/2 Salacres Logan, 4/1 Stratton Girl, 7/1 Salacres Bullet, 7/1 Glasheen Bucko, 15/2 Rheas Choice",RHEAS CHOICE Rheas Choice has finished in the first two in 50% of races from this class. Bet →,COMPLETE,
2026-08-26,Valley,13:49,1398045,https://www.timeform.com/greyhound-racing/racecards/valley/1349/2026-08-26/1398045,260m,D5,Hawkfield Taken,Halfway Tiger,Tobergal Suzanne,Hawkfield Taken just about edges it as the selection but has little room for error. Halfway Tiger should go well too.,"13/8 Hawkfield Taken, 11/4 Halfway Tiger, 7/2 Tobergal Suzanne, 5/1 Afan Louie, 9/1 Playdate Jasper, 10/1 Mid West Daisy",AFAN LOUIE Afan Louie has won all its races if in front at the second bend. Bet →,COMPLETE,
2026-08-26,Valley,14:08,1398046,https://www.timeform.com/greyhound-racing/racecards/valley/1408/2026-08-26/1398046,260m,D3,Race For Spud,No Dont Panic,Naughty Ace,Race For Spud has been hard to fault in recent races and has leading claims. No Dont Panic is likely to be on the premises as well.,"9/4 Race For Spud, 11/4 No Dont Panic, 4/1 Naughty Ace, 4/1 Lady Fern, 13/2 Affleck Nashwan, 9/1 Hawkfield Coco",AFFLECK NASHWAN Affleck Nashwan has won all its races if in front at the third bend. Bet →,COMPLETE,
2026-08-26,Valley,14:26,1398047,https://www.timeform.com/greyhound-racing/racecards/valley/1426/2026-08-26/1398047,460m,A6,Trionas Twilight,Sawpit Stanley,Burgess Julie,Trionas Twilight has been hard to fault in recent outings and has leading claims. Burgess Julie is likely to be in the mix as well.,"2/1 Trionas Twilight, 11/4 Sawpit Stanley, 11/4 Burgess Julie, 6/1 My Little Farmer, 8/1 Sawpit Smokey, 10/1 Roanna Jack",SAWPIT STANLEY Sawpit Stanley has won only 33.33% of races after leading at the third bend. Bet →,COMPLETE,
2026-08-26,Valley,14:44,1398048,https://www.timeform.com/greyhound-racing/racecards/valley/1444/2026-08-26/1398048,260m,D5,Knockmant Zee,Vixons Nala,Home Colleen,Knockmant Zee only just appeals most in this field but prospects might have to depend on getting a clear run. Vixons Nala looks best poised to take advantage if the selection goes awol.,"15/8 Knockmant Zee, 9/4 Vixons Nala, 11/2 Home Colleen, 6/1 Hawkfield Cassie, 7/1 Hawkfield Echo, 7/1 Boherdota Flash",HAWKFIELD CASSIE Hawkfield Cassie has won only 33.33% of races after leading at the first bend. Bet →,COMPLETE,
2026-08-26,Valley,15:03,1398049,https://www.timeform.com/greyhound-racing/racecards/valley/1503/2026-08-26/1398049,460m,A5,Mendip Sally,Crokers Pat,Sawpit Sauvignon,Mendip Sally is the selection thanks to several good recent runs and will prove hard to catch. Sawpit Sauvignon looks set to play the lead supporting role.,"5/2 Mendip Sally, 11/4 Sawpit Sauvignon, 4/1 Crokers Grayson, 9/2 Crokers Pat, 9/2 Metric Buster, 12/1 Mallogs Roy",MENDIP SALLY Mendip Sally overcame trouble in running to win last time. Bet →,COMPLETE,
2026-08-26,Valley,15:22,1398050,https://www.timeform.com/greyhound-racing/racecards/valley/1522/2026-08-26/1398050,260m,D4,Faradays Larry,Hawkfield Feral,Riot Co Martin,Faradays Larry has slender claims but can't afford any slip ups. Hawkfield Feral is also likely to be thereabouts.,"6/4 Faradays Larry, 9/4 Riot Co Martin, 7/2 Hawkfield Feral, 7/2 Toems Hour, 10/1 Livingonaprayer",HAWKFIELD FERAL Hawkfield Feral has won 25% of races despite being in the last pair at the first bend. Bet →,COMPLETE,
2026-08-26,Valley,15:41,1398051,https://www.timeform.com/greyhound-racing/racecards/valley/1541/2026-08-26/1398051,460m,A6,Shelone Nifty,Sawpit Sable,Gavins Cake,Shelone Nifty has put together plenty of good efforts recently and has principal claims. Sawpit Sable is taken for the forecast.,"15/8 Shelone Nifty, 7/2 Sawpit Sable, 4/1 Trionas Tangle, 4/1 Gavins Cake, 7/1 Pandy Daffy, 17/2 Bale Out Lucy",TRIONAS TANGLE Trionas Tangle has won all its races if in front at the fourth bend. Bet →,COMPLETE,
2026-08-26,Valley,15:59,1398052,https://www.timeform.com/greyhound-racing/racecards/valley/1559/2026-08-26/1398052,260m,D4,Affleck Airborne,Chadwell Tyson,Taxi Joe,Affleck Airborne is the best of these on the clock and looks to have been found a very good opportunity. Taxi Joe is the most likely runner up.,"1/1 Taxi Joe, 9/4 Chadwell Tyson, 4/1 Affleck Airborne, 11/2 Home Grainne, 8/1 Hawkfield Bailey",CHADWELL TYSON Chadwell Tyson has won only 25% of races after leading at the first bend. Bet →,COMPLETE,
2026-08-26,Valley,16:18,1398053,https://www.timeform.com/greyhound-racing/racecards/valley/1618/2026-08-26/1398053,460m,A4,Sawpit Seagull,Puckane Ceol,Sawpit Souffle,Sawpit Seagull is the one to beat judged on recent times and sets a very good standard. Puckane Ceol will be on the premises too.,"15/8 Sawpit Seagull, 3/1 Sawpit Souffle, 100/30 Puckane Ceol, 4/1 Rory Bellows, 4/1 Rockmount Polly",SAWPIT SEAGULL Sawpit Seagull has won 18.92% of races despite being in the last pair at the first bend. Bet →,COMPLETE,
2026-08-26,Valley,16:37,1398054,https://www.timeform.com/greyhound-racing/racecards/valley/1637/2026-08-26/1398054,260m,D6,Battle Lass,Captainannie,Astro Mary,Battle Lass looks to have marginally the best claims but might well need a clear passage to come home in front. Captainannie will be on the premises too.,"8/15 Captainannie, 5/2 Battle Lass, 11/2 Astro Mary, 13/2 Miss Ball, 10/1 Lady Smith",ASTRO MARY Astro Mary has finished in the first two in 10% of races from this trap. Bet →,COMPLETE,
2026-08-26,Valley,16:56,1398055,https://www.timeform.com/greyhound-racing/racecards/valley/1656/2026-08-26/1398055,260m,D6,Kildallon Poppy,Runaway May,Comer Ash,Kildallon Poppy has been hard to fault in recent starts and just about gets the nod in this field. Runaway May is taken for the forecast.,"13/8 Runaway May, 7/4 Droopys Glaze, 11/4 Kildallon Poppy, 4/1 Comer Ash, 22/1 Battle Taylor",DROOPYS GLAZE Droopys Glaze has finished in the first two in 50% of races from this trap. Bet →,COMPLETE,
2026-08-26,Yarmouth,18:14,1398056,https://www.timeform.com/greyhound-racing/racecards/yarmouth/1814/2026-08-26/1398056,462m,A3,Cappy Cailin,Kilara Rodrigo,Decoy Oola,Cappy Cailin's recent efforts have had a lot to like about them and should make a bold show. Kilara Rodrigo looks second best in this contest.,"6/4 Cappy Cailin, 3/1 Kilara Rodrigo, 3/1 Decoy Oola, 9/2 Mystical Luke, 9/2 Bird About Town",CAPPY CAILIN Cappy Cailin has won only 44.44% of races after leading at the third bend. Bet →,COMPLETE,
2026-08-26,Yarmouth,18:31,1398057,https://www.timeform.com/greyhound-racing/racecards/yarmouth/1831/2026-08-26/1398057,462m,A5,Only The Third,Giveusaping,Crossfield Bella,Only The Third looks marginally the best of this bunch but is likely to need to put in a trouble-free run. Crossfield Bella can pick up the leftovers.,"15/8 Only The Third, 11/5 Crossfield Bella, 100/30 Giveusaping, 7/2 Slight Delay, 7/1 Monroe Daisy",GIVEUSAPING Giveusaping has won only 22.22% of races after leading at the first bend. Bet →,COMPLETE,
2026-08-26,Yarmouth,18:48,1398058,https://www.timeform.com/greyhound-racing/racecards/yarmouth/1848/2026-08-26/1398058,277m,D3,Savana Magique,Yourenotforgiven,Barnora Horse,Savana Magique has put together a good series of efforts lately and is much the one to aim at. Barnora Horse should go well too.,"5/6 Yourenotforgiven, 7/2 Barnora Horse, 9/2 Savana Magique, 9/2 Olwinn Again, 8/1 Savana Tango",SAVANA TANGO Savana Tango has won 66.67% of races if in front at the first bend. Bet →,COMPLETE,
2026-08-26,Yarmouth,19:06,1398059,https://www.timeform.com/greyhound-racing/racecards/yarmouth/1906/2026-08-26/1398059,462m,A4,Ramblin Wild,Goldcash Wild,Murrow Khatani,Ramblin Wild has been hard to fault in recent outings and has leading claims. Murrow Khatani is likely to be in the mix as well.,"7/4 Ramblin Wild, 5/2 Goldcash Wild, 11/4 Murrow Khatani, 4/1 Ballycowen Harry, 13/2 Fen Nannas Pride",GOLDCASH WILD Goldcash Wild has won only 50% of races after leading at the third bend. Bet →,COMPLETE,
2026-08-26,Yarmouth,19:22,1398060,https://www.timeform.com/greyhound-racing/racecards/yarmouth/1922/2026-08-26/1398060,462m,A6,Razzamatazz,Swift Yes,Blackrosepopcorn,Razzamatazz holds an advantage on the clock and is a major player. Swift Yes is taken for the forecast.,"1/1 Razzamatazz, 9/4 Swift Yes, 7/2 Blackrosepopcorn, 11/2 Move Over Julia, 10/1 Golden Hare",SWIFT YES Swift Yes has finished in the first two in 54.55% of races from this trap. Bet →,COMPLETE,
2026-08-26,Yarmouth,19:39,1398061,https://www.timeform.com/greyhound-racing/racecards/yarmouth/1939/2026-08-26/1398061,462m,A2,Kilcash Happy,Carrigoon Wes,Westway Buzz,Kilcash Happy has been hard to fault in recent runs and just about gets the nod in this company. Carrigoon Wes is likely to be thereabouts as well.,"9/4 Carrigoon Wes, 11/4 Kilcash Happy, 3/1 Murrow Krakatoa, 7/2 Westway Buzz, 9/2 Coalville Clown",MURROW KRAKATOA Murrow Krakatoa has finished in the first two in 70% of races from this class. Bet →,COMPLETE,
2026-08-26,Yarmouth,19:56,1398062,https://www.timeform.com/greyhound-racing/racecards/yarmouth/1956/2026-08-26/1398062,462m,A7,Laughil Pippa,Razldazl Minty,Cansherun,Laughil Pippa looks to have marginally the best claims but might well need a clear passage to run out the winner. Razldazl Minty will be in the mix too.,"13/8 Laughil Pippa, 3/1 Razldazl Minty, 9/2 Zoo Da Man, 11/2 Cansherun, 11/2 The Other Gigi, 19/2 Bobsleigh Shark",THE OTHER GIGI The Other Gigi has won only 40% of races after leading at the fourth bend. Bet →,COMPLETE,
2026-08-26,Yarmouth,20:13,1398063,https://www.timeform.com/greyhound-racing/racecards/yarmouth/2013/2026-08-26/1398063,277m,D2,Morning Delight,Glory Diamond,Wishful Decko,Morning Delight holds an advantage timewise and is going to be very tough to beat. Glory Diamond looks the likeliest to chase the winner home.,"2/1 Glory Diamond, 5/2 Morning Delight, 11/4 Wishful Decko, 9/2 Whisper Dolly, 6/1 Air Mix",WISHFUL DECKO Wishful Decko has been a beaten favourite in 2 of its last 3 races in last 60 days. Bet →,COMPLETE,
2026-08-26,Yarmouth,20:31,1398064,https://www.timeform.com/greyhound-racing/racecards/yarmouth/2031/2026-08-26/1398064,462m,A9,American Aray,Savana Memories,Wachovia Blaze,American Aray only just appeals most of this bunch but prospects might have to depend on luck in running. Savana Memories seems likely to play second fiddle to the selection.,"11/10 American Aray, 5/2 Savana Memories, 11/4 Wachovia Blaze, 11/2 Hollyhill Isabel, 10/1 Girlfromthefen",The Other Gigi has won only 40% of races after leading at the fourth bend. Bet →,COMPLETE,
2026-08-26,Yarmouth,20:47,1398065,https://www.timeform.com/greyhound-racing/racecards/yarmouth/2047/2026-08-26/1398065,462m,A1,Goldcash Force,Whitewood Gigi,My Name Siddy,Goldcash Force's last effort was a big step forward on the clock and sets a good standard on the clock. Whitewood Gigi heads the short list for second.,"15/8 Whitewood Gigi, 5/2 Goldcash Force, 11/4 Outdoor Cracker, 100/30 My Name Siddy, 15/2 Caseys Moment",OUTDOOR CRACKER Outdoor Cracker has finished in the first two in 52.38% of races from this class. Bet →,COMPLETE,
2026-08-26,Yarmouth,21:04,1398066,https://www.timeform.com/greyhound-racing/racecards/yarmouth/2104/2026-08-26/1398066,462m,A2,Venom Storm,Peppered Bedlam,Golden Passion,Venom Storm looks marginally the best in this field but hasn't much room for error. Peppered Bedlam appeals most of the others.,"6/4 Venom Storm, 11/5 Peppered Bedlam, 5/2 Golden Passion, 7/2 Decoy Luca, 16/1 Hi Ricki",PEPPERED BEDLAM Peppered Bedlam has won only 38.89% of races after leading at the second bend. Bet →,COMPLETE,
2026-08-26,Yarmouth,21:23,1398067,https://www.timeform.com/greyhound-racing/racecards/yarmouth/2123/2026-08-26/1398067,462m,A1,Thunder Dance,Chelms Charmer,Laugh Alot,Thunder Dance's recent efforts have been likeable in general and should give backers a good run for their money. Laugh Alot looks best poised to take advantage if the selection goes awol.,"2/1 Thunder Dance, 5/2 Laugh Alot, 3/1 Chelms Charmer, 7/2 Wee Mac Kate, 6/1 Kilara Reaper",CHELMS CHARMER Chelms Charmer has won 18.75% of races despite being in the last pair at the first bend. Bet →,COMPLETE,
